original_variable,clean_variable,role,description,original_codes,original_labels,clean_mapping,missing_value_rule,data_type,feature_type,ordinal_or_nominal,used_in_model,used_in_mobile_app,mobile_input_type,user_facing_question,allowed_user_answers,internal_encoding,validation_rules,reason_for_inclusion,source_document,notes,reason_for_inclusion_or_exclusion
_AGEG5YR,age_group,predictor,What is your age? Adults 18 or older only.,"[""1"", ""2"", ""3"", ""4"", ""5"", ""6"", ""7"", ""8"", ""9"", ""10"", ""11"", ""12"", ""13"", ""14"", ""BLANK""]","{""1"": ""18-24"", ""2"": ""25-29"", ""3"": ""30-34"", ""4"": ""35-39"", ""5"": ""40-44"", ""6"": ""45-49"", ""7"": ""50-54"", ""8"": ""55-59"", ""9"": ""60-64"", ""10"": ""65-69"", ""11"": ""70-74"", ""12"": ""75-79"", ""13"": ""80 or older"", ""14"": ""Don't know/Refused/Missing"", ""BLANK"": ""SAS missing input; no separate BLANK category listed in this CDC table""}","{""1"": 1, ""2"": 2, ""3"": 3, ""4"": 4, ""5"": 5, ""6"": 6, ""7"": 7, ""8"": 8, ""9"": 9, ""10"": 10, ""11"": 11, ""12"": 12, ""13"": 13, ""14"": null, ""BLANK"": null}",Documented nonresponse codes and SAS missing/blank -> missing; rows retained when target usable. Unexpected categorical codes fail; no full-data imputation.,Int8 (nullable categorical),categorical,ordinal,True,True,easy user input; single choice,What is your age? Adults 18 or older only.,"[""18-24"", ""25-29"", ""30-34"", ""35-39"", ""40-44"", ""45-49"", ""50-54"", ""55-59"", ""60-64"", ""65-69"", ""70-74"", ""75-79"", ""80 or older"", ""Don't know"", ""Prefer not to answer"", ""Skipped/not provided""]","{""1"": 1, ""2"": 2, ""3"": 3, ""4"": 4, ""5"": 5, ""6"": 6, ""7"": 7, ""8"": 8, ""9"": 9, ""10"": 10, ""11"": 11, ""12"": 12, ""13"": 13, ""14"": null, ""BLANK"": null}; mobile nonresponse -> null (not a learned or imputed category)","Only documented original codes are accepted; unexpected nonmissing codes fail cleaning. Clean domain: [1, 2, 3, 4, 5, 6, 7, 8, 9, 10, 11, 12, 13], plus missing. No global 7/9/77/88/99 recoding. If age is entered numerically, require an adult age and apply the documented bins; 80 or older maps to 13.","Retain: documented, available questionnaire input.",https://www.cdc.gov/brfss/annual_data/2021/pdf/codebook21_llcp-v2-508.pdf#page=145; https://www.cdc.gov/brfss/annual_data/2021/pdf/2021-calculated-variables-version4-508.pdf,No imputation was performed. Blank and combined nonresponse categories cannot distinguish individual reasons for missingness.,"Retain: documented, available questionnaire input."
SEXVAR,sex,predictor,What sex was recorded for you under the BRFSS respondent-sex question?,"[""1"", ""2"", ""BLANK""]","{""1"": ""Male"", ""2"": ""Female"", ""BLANK"": ""SAS missing input; no separate BLANK category listed in this CDC table""}","{""1"": 1, ""2"": 2, ""BLANK"": null}",Documented nonresponse codes and SAS missing/blank -> missing; rows retained when target usable. Unexpected categorical codes fail; no full-data imputation.,Int8 (nullable categorical),categorical,nominal,True,True,easy user input; single choice,What is your sex? Select Male or Female using the BRFSS respondent-sex categories.,"[""Male"", ""Female"", ""Don't know"", ""Prefer not to answer"", ""Skipped/not provided""]","{""1"": 1, ""2"": 2, ""BLANK"": null}; mobile nonresponse -> null (not a learned or imputed category)","Only documented original codes are accepted; unexpected nonmissing codes fail cleaning. Clean domain: [1, 2], plus missing. No global 7/9/77/88/99 recoding.","Retain: documented, available questionnaire input.",https://www.cdc.gov/brfss/annual_data/2021/pdf/codebook21_llcp-v2-508.pdf#page=19; https://www.cdc.gov/brfss/annual_data/2021/pdf/2021-calculated-variables-version4-508.pdf,No imputation was performed. Blank and combined nonresponse categories cannot distinguish individual reasons for missingness.,"Retain: documented, available questionnaire input."
_BMI5,bmi,predictor,Enter your measured height and weight to calculate BMI.,"[""1-9999"", ""BLANK""]","{""1-9999"": ""BMI with two implied decimal places"", ""BLANK"": ""Don't know/Refused/Missing""}","{""integer 1200..9999"": ""original value / 100"", ""BLANK"": null, ""outside 1200..9999 or noninteger"": null}","SAS missing/blank and released values outside [1200,9999] or noninteger -> missing; no new outlier removal.",Float64 (nullable continuous),continuous numeric,continuous,True,True,requires measurement; numeric BMI or calculated from height/weight,Enter your measured height and weight to calculate BMI.,"Measured height and weight, or directly supplied BMI; unknown/skipped -> missing","BMI = weight_kg / height_metres**2; released _BMI5 / 100. Store human-readable BMI, not the scaled CDC integer.","Pipeline accepts integer released _BMI5 in [1200,9999], yielding BMI in [12.00,99.99]; other values become missing. Do not clamp or add outlier-removal rules. Height/weight inputs must be positive, finite and unit-labelled; accept BMI to two decimal places.","Retain: documented, available questionnaire input.",https://www.cdc.gov/brfss/annual_data/2021/pdf/codebook21_llcp-v2-508.pdf#page=149; https://www.cdc.gov/brfss/annual_data/2021/pdf/2021-calculated-variables-version4-508.pdf,"No imputation was performed. Blank and combined nonresponse categories cannot distinguish individual reasons for missingness. CDC construction code limits BMI to 12.00-99.99; release code multiplies by 100. Existing review flags were descriptive only, not removals.","Retain: documented, available questionnaire input."
GENHLTH,general_health,predictor,"In general, would you say your health is:","[""1"", ""2"", ""3"", ""4"", ""5"", ""7"", ""9"", ""BLANK""]","{""1"": ""Excellent"", ""2"": ""Very good"", ""3"": ""Good"", ""4"": ""Fair"", ""5"": ""Poor"", ""7"": ""Don't know/Not sure"", ""9"": ""Refused"", ""BLANK"": ""Not asked or Missing""}","{""1"": 1, ""2"": 2, ""3"": 3, ""4"": 4, ""5"": 5, ""7"": null, ""9"": null, ""BLANK"": null}",Documented nonresponse codes and SAS missing/blank -> missing; rows retained when target usable. Unexpected categorical codes fail; no full-data imputation.,Int8 (nullable categorical),categorical,ordinal,True,True,easy user input; single choice,"In general, would you say your health is:","[""Excellent"", ""Very good"", ""Good"", ""Fair"", ""Poor"", ""Don't know"", ""Prefer not to answer"", ""Skipped/not provided""]","{""1"": 1, ""2"": 2, ""3"": 3, ""4"": 4, ""5"": 5, ""7"": null, ""9"": null, ""BLANK"": null}; mobile nonresponse -> null (not a learned or imputed category)","Only documented original codes are accepted; unexpected nonmissing codes fail cleaning. Clean domain: [1, 2, 3, 4, 5], plus missing. No global 7/9/77/88/99 recoding.",Retain provisionally: may reflect consequences of existing CHD/MI; unsuitable for causal or future-risk interpretation.,https://www.cdc.gov/brfss/annual_data/2021/pdf/codebook21_llcp-v2-508.pdf#page=19; https://www.cdc.gov/brfss/annual_data/2021/pdf/2021-calculated-variables-version4-508.pdf,No imputation was performed. Blank and combined nonresponse categories cannot distinguish individual reasons for missingness.,Retain provisionally: may reflect consequences of existing CHD/MI; unsuitable for causal or future-risk interpretation.
_TOTINDA,physical_activity,predictor,"During the past 30 days, did you do physical activity or exercise other than your regular job?","[""1"", ""2"", ""9"", ""BLANK""]","{""1"": ""Activity"", ""2"": ""No activity"", ""9"": ""Don't know/Refused/Missing"", ""BLANK"": ""SAS missing input; no separate BLANK category listed in this CDC table""}","{""1"": 1, ""2"": 0, ""9"": null, ""BLANK"": null}",Documented nonresponse codes and SAS missing/blank -> missing; rows retained when target usable. Unexpected categorical codes fail; no full-data imputation.,Int8 (nullable categorical),categorical,nominal,True,True,easy user input; single choice,"During the past 30 days, did you do physical activity or exercise other than your regular job?","[""Activity"", ""No activity"", ""Don't know"", ""Prefer not to answer"", ""Skipped/not provided""]","{""1"": 1, ""2"": 0, ""9"": null, ""BLANK"": null}; mobile nonresponse -> null (not a learned or imputed category)","Only documented original codes are accepted; unexpected nonmissing codes fail cleaning. Clean domain: [0, 1], plus missing. No global 7/9/77/88/99 recoding.","Retain: documented, available questionnaire input.",https://www.cdc.gov/brfss/annual_data/2021/pdf/codebook21_llcp-v2-508.pdf#page=134; https://www.cdc.gov/brfss/annual_data/2021/pdf/2021-calculated-variables-version4-508.pdf,No imputation was performed. Blank and combined nonresponse categories cannot distinguish individual reasons for missingness.,"Retain: documented, available questionnaire input."
_SMOKER3,smoking_status,predictor,"Have you smoked at least 100 cigarettes in your entire life? If yes, do you now smoke every day, some days, or not at all?","[""1"", ""2"", ""3"", ""4"", ""9"", ""BLANK""]","{""1"": ""Current every day, at least 100 lifetime cigarettes"", ""2"": ""Current some days, at least 100 lifetime cigarettes"", ""3"": ""Former, at least 100 lifetime cigarettes"", ""4"": ""Fewer than 100 lifetime cigarettes"", ""9"": ""Don't know/Refused/Missing"", ""BLANK"": ""SAS missing input; no separate BLANK category listed in this CDC table""}","{""1"": 1, ""2"": 2, ""3"": 3, ""4"": 4, ""9"": null, ""BLANK"": null}",Documented nonresponse codes and SAS missing/blank -> missing; rows retained when target usable. Unexpected categorical codes fail; no full-data imputation.,Int8 (nullable categorical),categorical,nominal,True,True,easy user input; single choice,"Have you smoked at least 100 cigarettes in your entire life? If yes, do you now smoke every day, some days, or not at all?","[""Current every day, at least 100 lifetime cigarettes"", ""Current some days, at least 100 lifetime cigarettes"", ""Former, at least 100 lifetime cigarettes"", ""Fewer than 100 lifetime cigarettes"", ""Don't know"", ""Prefer not to answer"", ""Skipped/not provided""]","{""1"": 1, ""2"": 2, ""3"": 3, ""4"": 4, ""9"": null, ""BLANK"": null}; mobile nonresponse -> null (not a learned or imputed category)","Only documented original codes are accepted; unexpected nonmissing codes fail cleaning. Clean domain: [1, 2, 3, 4], plus missing. No global 7/9/77/88/99 recoding.","Retain: documented, available questionnaire input.",https://www.cdc.gov/brfss/annual_data/2021/pdf/codebook21_llcp-v2-508.pdf#page=153; https://www.cdc.gov/brfss/annual_data/2021/pdf/2021-calculated-variables-version4-508.pdf,"No imputation was performed. Blank and combined nonresponse categories cannot distinguish individual reasons for missingness. Category 4 is CDC Never smoked: fewer than 100 lifetime cigarettes, not necessarily zero. For >=100 lifetime cigarettes, current every-day/some-day/not-at-all maps to 1/2/3.","Retain: documented, available questionnaire input."
DIABETE4,diabetes,predictor,"Have you ever been told you had diabetes? If yes, was it only during pregnancy? Include a separate prediabetes/borderline option.","[""1"", ""2"", ""3"", ""4"", ""7"", ""9"", ""BLANK""]","{""1"": ""Yes"", ""2"": ""Only during pregnancy"", ""3"": ""No"", ""4"": ""Prediabetes/borderline"", ""7"": ""Don't know/Not sure"", ""9"": ""Refused"", ""BLANK"": ""Not asked or Missing""}","{""1"": 1, ""2"": 2, ""3"": 3, ""4"": 4, ""7"": null, ""9"": null, ""BLANK"": null}",Documented nonresponse codes and SAS missing/blank -> missing; rows retained when target usable. Unexpected categorical codes fail; no full-data imputation.,Int8 (nullable categorical),categorical,nominal,True,True,requires known medical history; single choice,"Have you ever been told you had diabetes? If yes, was it only during pregnancy? Include a separate prediabetes/borderline option.","[""Yes"", ""Only during pregnancy"", ""No"", ""Prediabetes/borderline"", ""Don't know"", ""Prefer not to answer"", ""Skipped/not provided""]","{""1"": 1, ""2"": 2, ""3"": 3, ""4"": 4, ""7"": null, ""9"": null, ""BLANK"": null}; mobile nonresponse -> null (not a learned or imputed category)","Only documented original codes are accepted; unexpected nonmissing codes fail cleaning. Clean domain: [1, 2, 3, 4], plus missing. No global 7/9/77/88/99 recoding.","Retain: documented, available questionnaire input.",https://www.cdc.gov/brfss/annual_data/2021/pdf/codebook21_llcp-v2-508.pdf#page=32; https://www.cdc.gov/brfss/annual_data/2021/pdf/2021-calculated-variables-version4-508.pdf,"No imputation was performed. Blank and combined nonresponse categories cannot distinguish individual reasons for missingness. Preserve 1 Yes, 2 pregnancy-only, 3 No, and 4 prediabetes/borderline separately; do not binarize.","Retain: documented, available questionnaire input."
CVDSTRK3,stroke_history,predictor,Have you ever been told you had a stroke?,"[""1"", ""2"", ""7"", ""9"", ""BLANK""]","{""1"": ""Yes"", ""2"": ""No"", ""7"": ""Don't know/Not sure"", ""9"": ""Refused"", ""BLANK"": ""Not asked or Missing""}","{""1"": 1, ""2"": 0, ""7"": null, ""9"": null, ""BLANK"": null}",Documented nonresponse codes and SAS missing/blank -> missing; rows retained when target usable. Unexpected categorical codes fail; no full-data imputation.,Int8 (nullable categorical),categorical,nominal,True,True,requires known medical history; single choice,Have you ever been told you had a stroke?,"[""Yes"", ""No"", ""Don't know"", ""Prefer not to answer"", ""Skipped/not provided""]","{""1"": 1, ""2"": 0, ""7"": null, ""9"": null, ""BLANK"": null}; mobile nonresponse -> null (not a learned or imputed category)","Only documented original codes are accepted; unexpected nonmissing codes fail cleaning. Clean domain: [0, 1], plus missing. No global 7/9/77/88/99 recoding.",Retain provisionally: distinct diagnosis from CHD/MI; shared vascular disease and temporal ordering are unresolved.,https://www.cdc.gov/brfss/annual_data/2021/pdf/codebook21_llcp-v2-508.pdf#page=28; https://www.cdc.gov/brfss/annual_data/2021/pdf/2021-calculated-variables-version4-508.pdf,No imputation was performed. Blank and combined nonresponse categories cannot distinguish individual reasons for missingness.,Retain provisionally: distinct diagnosis from CHD/MI; shared vascular disease and temporal ordering are unresolved.
CHCKDNY2,kidney_disease,predictor,"Not including kidney stones, bladder infection or incontinence, were you ever told you had kidney disease?","[""1"", ""2"", ""7"", ""9"", ""BLANK""]","{""1"": ""Yes"", ""2"": ""No"", ""7"": ""Don't know/Not sure"", ""9"": ""Refused"", ""BLANK"": ""Not asked or Missing""}","{""1"": 1, ""2"": 0, ""7"": null, ""9"": null, ""BLANK"": null}",Documented nonresponse codes and SAS missing/blank -> missing; rows retained when target usable. Unexpected categorical codes fail; no full-data imputation.,Int8 (nullable categorical),categorical,nominal,True,True,requires known medical history; single choice,"Not including kidney stones, bladder infection or incontinence, were you ever told you had kidney disease?","[""Yes"", ""No"", ""Don't know"", ""Prefer not to answer"", ""Skipped/not provided""]","{""1"": 1, ""2"": 0, ""7"": null, ""9"": null, ""BLANK"": null}; mobile nonresponse -> null (not a learned or imputed category)","Only documented original codes are accepted; unexpected nonmissing codes fail cleaning. Clean domain: [0, 1], plus missing. No global 7/9/77/88/99 recoding.","Retain: documented, available questionnaire input.",https://www.cdc.gov/brfss/annual_data/2021/pdf/codebook21_llcp-v2-508.pdf#page=32; https://www.cdc.gov/brfss/annual_data/2021/pdf/2021-calculated-variables-version4-508.pdf,No imputation was performed. Blank and combined nonresponse categories cannot distinguish individual reasons for missingness.,"Retain: documented, available questionnaire input."
ASTHMA3,asthma,predictor,Have you ever been told you had asthma?,"[""1"", ""2"", ""7"", ""9"", ""BLANK""]","{""1"": ""Yes"", ""2"": ""No"", ""7"": ""Don't know/Not sure"", ""9"": ""Refused"", ""BLANK"": ""Not asked or Missing""}","{""1"": 1, ""2"": 0, ""7"": null, ""9"": null, ""BLANK"": null}",Documented nonresponse codes and SAS missing/blank -> missing; rows retained when target usable. Unexpected categorical codes fail; no full-data imputation.,Int8 (nullable categorical),categorical,nominal,True,True,requires known medical history; single choice,Have you ever been told you had asthma?,"[""Yes"", ""No"", ""Don't know"", ""Prefer not to answer"", ""Skipped/not provided""]","{""1"": 1, ""2"": 0, ""7"": null, ""9"": null, ""BLANK"": null}; mobile nonresponse -> null (not a learned or imputed category)","Only documented original codes are accepted; unexpected nonmissing codes fail cleaning. Clean domain: [0, 1], plus missing. No global 7/9/77/88/99 recoding.","Retain: documented, available questionnaire input.",https://www.cdc.gov/brfss/annual_data/2021/pdf/codebook21_llcp-v2-508.pdf#page=29; https://www.cdc.gov/brfss/annual_data/2021/pdf/2021-calculated-variables-version4-508.pdf,No imputation was performed. Blank and combined nonresponse categories cannot distinguish individual reasons for missingness.,"Retain: documented, available questionnaire input."
DIFFWALK,difficulty_walking,predictor,Do you have serious difficulty walking or climbing stairs?,"[""1"", ""2"", ""7"", ""9"", ""BLANK""]","{""1"": ""Yes"", ""2"": ""No"", ""7"": ""Don't know/Not sure"", ""9"": ""Refused"", ""BLANK"": ""Not asked or Missing""}","{""1"": 1, ""2"": 0, ""7"": null, ""9"": null, ""BLANK"": null}",Documented nonresponse codes and SAS missing/blank -> missing; rows retained when target usable. Unexpected categorical codes fail; no full-data imputation.,Int8 (nullable categorical),categorical,nominal,True,True,easy user input; single choice,Do you have serious difficulty walking or climbing stairs?,"[""Yes"", ""No"", ""Don't know"", ""Prefer not to answer"", ""Skipped/not provided""]","{""1"": 1, ""2"": 0, ""7"": null, ""9"": null, ""BLANK"": null}; mobile nonresponse -> null (not a learned or imputed category)","Only documented original codes are accepted; unexpected nonmissing codes fail cleaning. Clean domain: [0, 1], plus missing. No global 7/9/77/88/99 recoding.",Retain provisionally: may reflect consequences of existing cardiovascular disease.,https://www.cdc.gov/brfss/annual_data/2021/pdf/codebook21_llcp-v2-508.pdf#page=45; https://www.cdc.gov/brfss/annual_data/2021/pdf/2021-calculated-variables-version4-508.pdf,No imputation was performed. Blank and combined nonresponse categories cannot distinguish individual reasons for missingness.,Retain provisionally: may reflect consequences of existing cardiovascular disease.
TOLDHI3,high_cholesterol,predictor,"Have you ever been told by a doctor, nurse, or other health professional that your cholesterol is high?","[""1"", ""2"", ""7"", ""9"", ""BLANK""]","{""1"": ""Yes"", ""2"": ""No"", ""7"": ""Don't know/Not sure"", ""9"": ""Refused"", ""BLANK"": ""Not asked or Missing""}","{""1"": 1, ""2"": 0, ""7"": null, ""9"": null, ""BLANK"": null}",Documented nonresponse codes and SAS missing/blank -> missing; rows retained when target usable. Unexpected categorical codes fail; no full-data imputation.,Int8 (nullable categorical),categorical,nominal,True,True,requires known medical history; single choice,"Have you ever been told by a doctor, nurse, or other health professional that your cholesterol is high?","[""Yes"", ""No"", ""Don't know"", ""Prefer not to answer"", ""Skipped/not provided""]","{""1"": 1, ""2"": 0, ""7"": null, ""9"": null, ""BLANK"": null}; mobile nonresponse -> null (not a learned or imputed category)","Only documented original codes are accepted; unexpected nonmissing codes fail cleaning. Clean domain: [0, 1], plus missing. No global 7/9/77/88/99 recoding.",Retain provisionally: prior testing needed; not a numeric laboratory result. Screening-dependent missingness.,https://www.cdc.gov/brfss/annual_data/2021/pdf/codebook21_llcp-v2-508.pdf#page=26; https://www.cdc.gov/brfss/annual_data/2021/pdf/2021-calculated-variables-version4-508.pdf,No imputation was performed. Blank and combined nonresponse categories cannot distinguish individual reasons for missingness. Requires known professional diagnosis after testing; not tested/unknown must never become No.,Retain provisionally: prior testing needed; not a numeric laboratory result. Screening-dependent missingness.
_RFHYPE6,high_blood_pressure,predictor,Have you been told by a health professional that you have high blood pressure? Separate pregnancy-only and borderline answers map to 0.,"[""1"", ""2"", ""9"", ""BLANK""]","{""1"": ""No, includes pregnancy-only and borderline"", ""2"": ""Yes"", ""9"": ""Don't know/Not sure/Refused/Missing"", ""BLANK"": ""SAS missing input; no separate BLANK category listed in this CDC table""}","{""1"": 0, ""2"": 1, ""9"": null, ""BLANK"": null}",Documented nonresponse codes and SAS missing/blank -> missing; rows retained when target usable. Unexpected categorical codes fail; no full-data imputation.,Int8 (nullable categorical),categorical,nominal,True,True,requires known medical history; single choice,"Have you ever been told by a doctor, nurse, or other health professional that you have high blood pressure? Was this only during pregnancy, or were you told you had borderline high blood pressure or prehypertension?","[""Yes"", ""Yes, only during pregnancy"", ""No"", ""Borderline high blood pressure or prehypertension"", ""Don't know"", ""Prefer not to answer"", ""Skipped/not provided""]","{""CDC released-code mapping"": {""1"": 0, ""2"": 1, ""9"": null, ""BLANK"": null}, ""mobile-answer mapping"": {""Yes"": 1, ""Yes, only during pregnancy"": 0, ""No"": 0, ""Borderline high blood pressure or prehypertension"": 0, ""Don't know"": null, ""Prefer not to answer"": null, ""Skipped/not provided"": null}}","Only documented original codes are accepted; unexpected nonmissing codes fail cleaning. Clean domain: [0, 1], plus missing. No global 7/9/77/88/99 recoding.","Retain: documented, available questionnaire input.",https://www.cdc.gov/brfss/annual_data/2021/pdf/codebook21_llcp-v2-508.pdf#page=134; https://www.cdc.gov/brfss/annual_data/2021/pdf/2021-calculated-variables-version4-508.pdf,"No imputation was performed. Blank and combined nonresponse categories cannot distinguish individual reasons for missingness. Source BPHIGH6=1 -> 1; BPHIGH6=2 (pregnancy-only), 3 (No), or 4 (borderline/prehypertensive) -> 0. Unknown/refused/missing -> missing.","Retain: documented, available questionnaire input."
DRNKANY5,alcohol_use,predictor,"During the past 30 days, did you have at least one drink of any alcoholic beverage?","[""1"", ""2"", ""7"", ""9"", ""BLANK""]","{""1"": ""Yes"", ""2"": ""No"", ""7"": ""Don't know/Not sure"", ""9"": ""Refused/Missing"", ""BLANK"": ""SAS missing input; no separate BLANK category listed in this CDC table""}","{""1"": 1, ""2"": 0, ""7"": null, ""9"": null, ""BLANK"": null}",Documented nonresponse codes and SAS missing/blank -> missing; rows retained when target usable. Unexpected categorical codes fail; no full-data imputation.,Int8 (nullable categorical),categorical,nominal,True,True,easy user input; single choice,"During the past 30 days, did you have at least one drink of any alcoholic beverage?","[""Yes"", ""No"", ""Don't know"", ""Prefer not to answer"", ""Skipped/not provided""]","{""1"": 1, ""2"": 0, ""7"": null, ""9"": null, ""BLANK"": null}; mobile nonresponse -> null (not a learned or imputed category)","Only documented original codes are accepted; unexpected nonmissing codes fail cleaning. Clean domain: [0, 1], plus missing. No global 7/9/77/88/99 recoding.","Retain: documented, available questionnaire input.",https://www.cdc.gov/brfss/annual_data/2021/pdf/codebook21_llcp-v2-508.pdf#page=154; https://www.cdc.gov/brfss/annual_data/2021/pdf/2021-calculated-variables-version4-508.pdf,No imputation was performed. Blank and combined nonresponse categories cannot distinguish individual reasons for missingness.,"Retain: documented, available questionnaire input."
_EDUCAG,education,predictor,What is the highest level of education you completed?,"[""1"", ""2"", ""3"", ""4"", ""9"", ""BLANK""]","{""1"": ""Did not graduate high school"", ""2"": ""Graduated high school"", ""3"": ""Attended college/technical school"", ""4"": ""Graduated college/technical school"", ""9"": ""Don't know/Not sure/Missing"", ""BLANK"": ""SAS missing input; no separate BLANK category listed in this CDC table""}","{""1"": 1, ""2"": 2, ""3"": 3, ""4"": 4, ""9"": null, ""BLANK"": null}",Documented nonresponse codes and SAS missing/blank -> missing; rows retained when target usable. Unexpected categorical codes fail; no full-data imputation.,Int8 (nullable categorical),categorical,ordinal,True,True,easy user input; single choice,What is the highest level of education you completed?,"[""Did not graduate high school"", ""Graduated high school"", ""Attended college/technical school"", ""Graduated college/technical school"", ""Don't know"", ""Prefer not to answer"", ""Skipped/not provided""]","{""1"": 1, ""2"": 2, ""3"": 3, ""4"": 4, ""9"": null, ""BLANK"": null}; mobile nonresponse -> null (not a learned or imputed category)","Only documented original codes are accepted; unexpected nonmissing codes fail cleaning. Clean domain: [1, 2, 3, 4], plus missing. No global 7/9/77/88/99 recoding.","Retain: documented, available questionnaire input.",https://www.cdc.gov/brfss/annual_data/2021/pdf/codebook21_llcp-v2-508.pdf#page=151; https://www.cdc.gov/brfss/annual_data/2021/pdf/2021-calculated-variables-version4-508.pdf,No imputation was performed. Blank and combined nonresponse categories cannot distinguish individual reasons for missingness.,"Retain: documented, available questionnaire input."
_INCOMG1,income_group,predictor,What is your annual household income from all sources in US dollars?,"[""1"", ""2"", ""3"", ""4"", ""5"", ""6"", ""7"", ""9"", ""BLANK""]","{""1"": ""Household annual income below $15,000"", ""2"": ""$15,000 to below $25,000"", ""3"": ""$25,000 to below $35,000"", ""4"": ""$35,000 to below $50,000"", ""5"": ""$50,000 to below $100,000"", ""6"": ""$100,000 to below $200,000"", ""7"": ""$200,000 or more"", ""9"": ""Don't know/Not sure/Missing (source INCOME3: 77 unknown, 99 refused, or missing)"", ""BLANK"": ""SAS missing input; no separate BLANK category listed in this CDC table""}","{""1"": 1, ""2"": 2, ""3"": 3, ""4"": 4, ""5"": 5, ""6"": 6, ""7"": 7, ""9"": null, ""BLANK"": null}",Documented nonresponse codes and SAS missing/blank -> missing; rows retained when target usable. Unexpected categorical codes fail; no full-data imputation.,Int8 (nullable categorical),categorical,ordinal,True,True,easy user input; single choice,What is your annual household income from all sources in US dollars?,"[""Household annual income below $15,000"", ""$15,000 to below $25,000"", ""$25,000 to below $35,000"", ""$35,000 to below $50,000"", ""$50,000 to below $100,000"", ""$100,000 to below $200,000"", ""$200,000 or more"", ""Don't know"", ""Prefer not to answer"", ""Skipped/not provided""]","{""1"": 1, ""2"": 2, ""3"": 3, ""4"": 4, ""5"": 5, ""6"": 6, ""7"": 7, ""9"": null, ""BLANK"": null}; mobile nonresponse -> null (not a learned or imputed category)","Only documented original codes are accepted; unexpected nonmissing codes fail cleaning. Clean domain: [1, 2, 3, 4, 5, 6, 7], plus missing. No global 7/9/77/88/99 recoding.",Retain provisionally despite high missingness: optional socioeconomic input; fairness and geographic/price portability require review.,https://www.cdc.gov/brfss/annual_data/2021/pdf/codebook21_llcp-v2-508.pdf#page=152; https://www.cdc.gov/brfss/annual_data/2021/pdf/2021-calculated-variables-version4-508.pdf,No imputation was performed. Blank and combined nonresponse categories cannot distinguish individual reasons for missingness.,Retain provisionally despite high missingness: optional socioeconomic input; fairness and geographic/price portability require review.
_MICHD,heart_disease,target,PREVALENT / EXISTING reported coronary heart disease or myocardial infarction; not a prospective 10-year cardiovascular-risk label or future disease probability.,"[""1"", ""2"", ""BLANK""]","{""1"": ""Reported having MI or CHD"", ""2"": ""Did not report having MI or CHD"", ""BLANK"": ""Not asked or Missing; target unavailable""}","{""1"": 1, ""2"": 0, ""BLANK"": ""EXCLUDE ROW""}","Missing/unusable target is excluded from supervised rows. Unexpected nonmissing _MICHD codes cause the existing pipeline to fail, rather than guess or silently recode.",Int8 (non-null binary label),binary target,binary nominal,True,False,not a questionnaire/model input,"Not applicable: supervised target, never an input.",Not applicable,_MICHD = 1 -> heart_disease = 1 (reported CHD/MI); _MICHD = 2 -> heart_disease = 0 (did not report CHD/MI); missing/unusable target -> excluded from supervised dataset. Unexpected nonmissing codes fail cleaning.,"heart_disease must contain only 0 or 1 and never be missing. _MICHD, CVDINFR4 and CVDCRHD4 must never become predictors.",Supervised label only; excluded from predictors.,https://www.cdc.gov/brfss/annual_data/2021/pdf/codebook21_llcp-v2-508.pdf#page=136; https://www.cdc.gov/brfss/annual_data/2021/pdf/2021-calculated-variables-version4-508.pdf,"CDC derives _MICHD=1 if CVDINFR4=1 OR CVDCRHD4=1; =2 if both equal 2; otherwise missing. Positive diagnosis takes precedence over unknown in the other source. used_in_model=True denotes target use only, never predictor use. No model has been trained.",Supervised label only; excluded from predictors.
