experiment_id,model,model_family,feature_set,feature_count,device,imputation,categorical_encoding,class_weighting,hyperparameters_summary,calibration,accuracy,balanced_accuracy,precision,recall,specificity,F1,ROC_AUC,PR_AUC,Brier,log_loss,TP,TN,FP,FN,training_time
baseline__dummy_most_frequent__full_features__most_frequent__default__none,dummy_most_frequent,dummy,full_features,16,CPU,BMI training median; categorical training most frequent,nominal one-hot; ordinals one-hot,none,"{""constant"": null, ""random_state"": null, ""strategy"": ""most_frequent""}",none,0.918613402141025,0.5,0.0,0.0,1.0,0.0,0.5,0.08138659785897495,0.08138659785897495,2.9334703237483573,0,59810,0,5299,3.1832098999875598
baseline__dummy_prior__full_features__most_frequent__default__none,dummy_prior,dummy,full_features,16,CPU,BMI training median; categorical training most frequent,nominal one-hot; ordinals one-hot,none,"{""constant"": null, ""random_state"": null, ""strategy"": ""prior""}",none,0.918613402141025,0.5,0.0,0.0,1.0,0.0,0.5,0.08138659785897495,0.07476282034779326,0.2821429370863018,0,59810,0,5299,3.170472500001779
baseline__logistic_none__full_features__most_frequent__default__none,logistic_none,logistic,full_features,16,CPU,BMI training median; categorical training most frequent,nominal one-hot; ordinals one-hot,none,"{""C"": 1, ""class_weight"": null, ""dual"": false, ""fit_intercept"": true, ""intercept_scaling"": 1, ""l1_ratio"": 0.0, ""max_iter"": 600, ""n_jobs"": null, ""penalty"": ""deprecated"", ""random_state"": 42, ""solver"": ""lbfgs"", ""tol"": 0.0001, ""verbose"": 0, ""warm_start"": false}",none,0.9185366078422338,0.5487188514399518,0.4978050921861282,0.10700132100396301,0.9904363818759405,0.17614165890027958,0.839128145588034,0.3310691842260555,0.063584741457643,0.22072898818935363,567,59238,572,4732,3.629183099983493
baseline__logistic_balanced__full_features__most_frequent__default__none,logistic_balanced,logistic,full_features,16,CPU,BMI training median; categorical training most frequent,nominal one-hot; ordinals one-hot,balanced,"{""C"": 1, ""class_weight"": ""balanced"", ""dual"": false, ""fit_intercept"": true, ""intercept_scaling"": 1, ""l1_ratio"": 0.0, ""max_iter"": 600, ""n_jobs"": null, ""penalty"": ""deprecated"", ""random_state"": 42, ""solver"": ""lbfgs"", ""tol"": 0.0001, ""verbose"": 0, ""warm_start"": false}",none,0.7371177563777666,0.7628321634600654,0.20789044346665347,0.7935459520664276,0.7321183748537033,0.32946799341847527,0.8394983403284458,0.33023208336658444,0.17502595715395616,0.5241115097450902,4205,43788,16022,1094,3.5913493999978527
baseline__random_forest_none__full_features__most_frequent__default__none,random_forest_none,random_forest,full_features,16,CPU,BMI training median; categorical training most frequent,nominal one-hot; ordinals one-hot,none,"{""bootstrap"": true, ""ccp_alpha"": 0.0, ""class_weight"": null, ""criterion"": ""gini"", ""max_depth"": 12, ""max_features"": ""sqrt"", ""max_leaf_nodes"": null, ""max_samples"": 0.7, ""min_impurity_decrease"": 0.0, ""min_samples_leaf"": 20, ""min_samples_split"": 2, ""min_weight_fraction_leaf"": 0.0, ""monotonic_cst"": null, ""n_estimators"": 80, ""n_jobs"": 4, ""oob_score"": false, ""random_state"": 42, ""verbose"": 0, ""warm_start"": false}",none,0.9196731634643444,0.5157124077159606,0.6219081272084805,0.03321381392715607,0.998211001504765,0.06305983518452167,0.8302980984730566,0.31716513991274087,0.06408143078795445,0.22449415481471327,176,59703,107,5123,7.348728499986464
baseline__random_forest_balanced__full_features__most_frequent__default__none,random_forest_balanced,random_forest,full_features,16,CPU,BMI training median; categorical training most frequent,nominal one-hot; ordinals one-hot,balanced,"{""bootstrap"": true, ""ccp_alpha"": 0.0, ""class_weight"": ""balanced"", ""criterion"": ""gini"", ""max_depth"": 12, ""max_features"": ""sqrt"", ""max_leaf_nodes"": null, ""max_samples"": 0.7, ""min_impurity_decrease"": 0.0, ""min_samples_leaf"": 20, ""min_samples_split"": 2, ""min_weight_fraction_leaf"": 0.0, ""monotonic_cst"": null, ""n_estimators"": 80, ""n_jobs"": 4, ""oob_score"": false, ""random_state"": 42, ""verbose"": 0, ""warm_start"": false}",none,0.7135726243683669,0.7557784213133374,0.1951219512195122,0.80618984714097,0.7053669954857047,0.31419850696870516,0.8307461156087819,0.31738030502447806,0.1775837375619152,0.5230409795008375,4272,42188,17622,1027,9.2696737999795
baseline__hist_gradient_boosting__full_features__most_frequent__default__none,hist_gradient_boosting,hist_gradient_boosting,full_features,16,CPU,BMI training median; categorical training most frequent,nominal one-hot; ordinals one-hot,none,"{""categorical_features"": ""from_dtype"", ""class_weight"": null, ""early_stopping"": false, ""interaction_cst"": null, ""l2_regularization"": 2, ""learning_rate"": 0.08, ""loss"": ""log_loss"", ""max_bins"": 255, ""max_depth"": null, ""max_features"": 1.0, ""max_iter"": 180, ""max_leaf_nodes"": 15, ""min_samples_leaf"": 20, ""monotonic_cst"": null, ""n_iter_no_change"": 10, ""random_state"": 42, ""scoring"": ""loss"", ""tol"": 1e-07, ""validation_fraction"": 0.1, ""verbose"": 0, ""warm_start"": false}",none,0.9193506274094211,0.5390142020152575,0.528235294117647,0.08473296848461974,0.9932954355458954,0.14604000650512278,0.8408228813145131,0.3322077329539878,0.06326969248204785,0.2195259442033835,449,59409,401,4850,9.325277099997038
baseline__xgboost_none__full_features__most_frequent__default__none,xgboost_none,xgboost,full_features,16,CPU,BMI training median; categorical training most frequent,nominal one-hot; ordinals one-hot,none,"{""objective"": ""binary:logistic"", ""base_score"": null, ""booster"": null, ""callbacks"": null, ""colsample_bylevel"": null, ""colsample_bynode"": null, ""colsample_bytree"": 0.85, ""device"": null, ""early_stopping_rounds"": null, ""enable_categorical"": true, ""eval_metric"": ""logloss"", ""feature_types"": null, ""feature_weights"": null, ""gamma"": null, ""grow_policy"": null, ""importance_type"": null, ""interaction_constraints"": null, ""learning_rate"": 0.08, ""max_bin"": null, ""max_cat_threshold"": null, ""max_cat_to_onehot"": null, ""max_delta_step"": null, ""max_depth"": 4, ""max_leaves"": null, ""min_child_weight"": null, ""missing"": NaN, ""monotone_constraints"": null, ""multi_strategy"": null, ""n_estimators"": 220, ""n_jobs"": 4, ""num_parallel_tree"": null, ""random_state"": 42, ""reg_alpha"": null, ""reg_lambda"": null, ""sampling_method"": null, ""scale_pos_weight"": null, ""subsample"": 0.85, ""tree_method"": ""hist"", ""validate_parameters"": null, ""verbosity"": null}",none,0.9193045508301464,0.5413110583337769,0.5248070562293274,0.08982826948480846,0.9927938471827453,0.15339993554624556,0.8411789437388997,0.335289826615615,0.06319877525033406,0.2193070706796016,476,59379,431,4823,9.647991699981503
baseline__xgboost_weighted__full_features__most_frequent__default__none,xgboost_weighted,xgboost,full_features,16,CPU,BMI training median; categorical training most frequent,nominal one-hot; ordinals one-hot,training negatives/positives,"{""objective"": ""binary:logistic"", ""base_score"": null, ""booster"": null, ""callbacks"": null, ""colsample_bylevel"": null, ""colsample_bynode"": null, ""colsample_bytree"": 0.85, ""device"": null, ""early_stopping_rounds"": null, ""enable_categorical"": true, ""eval_metric"": ""logloss"", ""feature_types"": null, ""feature_weights"": null, ""gamma"": null, ""grow_policy"": null, ""importance_type"": null, ""interaction_constraints"": null, ""learning_rate"": 0.08, ""max_bin"": null, ""max_cat_threshold"": null, ""max_cat_to_onehot"": null, ""max_delta_step"": null, ""max_depth"": 4, ""max_leaves"": null, ""min_child_weight"": null, ""missing"": NaN, ""monotone_constraints"": null, ""multi_strategy"": null, ""n_estimators"": 220, ""n_jobs"": 4, ""num_parallel_tree"": null, ""random_state"": 42, ""reg_alpha"": null, ""reg_lambda"": null, ""sampling_method"": null, ""scale_pos_weight"": 11.282766990291263, ""subsample"": 0.85, ""tree_method"": ""hist"", ""validate_parameters"": null, ""verbosity"": null}",none,0.726888755778771,0.7632843660204853,0.2032520325203252,0.8067559916965465,0.719812740344424,0.3246999848093574,0.841504618055307,0.3348837316243352,0.17506376225834422,0.5138155334445179,4275,43052,16758,1024,8.058093200001167
baseline__lightgbm_none__full_features__most_frequent__default__none,lightgbm_none,lightgbm,full_features,16,CPU,BMI training median; categorical training most frequent,nominal one-hot; ordinals one-hot,none,"{""boosting_type"": ""gbdt"", ""class_weight"": null, ""colsample_bytree"": 1.0, ""importance_type"": ""split"", ""learning_rate"": 0.08, ""max_depth"": -1, ""min_child_samples"": 60, ""min_child_weight"": 0.001, ""min_split_gain"": 0.0, ""n_estimators"": 220, ""n_jobs"": 4, ""num_leaves"": 15, ""objective"": null, ""random_state"": 42, ""reg_alpha"": 0.0, ""reg_lambda"": 0.0, ""subsample"": 1.0, ""subsample_for_bin"": 200000, ""subsample_freq"": 0, ""verbosity"": -1, ""deterministic"": true, ""force_col_wise"": true}",none,0.9194581394277289,0.5385567349383635,0.53309265944645,0.08360067937346669,0.9935127905032604,0.14453507340946167,0.8408988247649292,0.33325059335388885,0.06323351830345583,0.2194715707613602,443,59422,388,4856,6.27024650000385
baseline__lightgbm_balanced__full_features__most_frequent__default__none,lightgbm_balanced,lightgbm,full_features,16,CPU,BMI training median; categorical training most frequent,nominal one-hot; ordinals one-hot,balanced,"{""boosting_type"": ""gbdt"", ""class_weight"": ""balanced"", ""colsample_bytree"": 1.0, ""importance_type"": ""split"", ""learning_rate"": 0.08, ""max_depth"": -1, ""min_child_samples"": 60, ""min_child_weight"": 0.001, ""min_split_gain"": 0.0, ""n_estimators"": 220, ""n_jobs"": 4, ""num_leaves"": 15, ""objective"": null, ""random_state"": 42, ""reg_alpha"": 0.0, ""reg_lambda"": 0.0, ""subsample"": 1.0, ""subsample_for_bin"": 200000, ""subsample_freq"": 0, ""verbosity"": -1, ""deterministic"": true, ""force_col_wise"": true}",none,0.717857746240919,0.7629266739150924,0.19919915312744513,0.8167578788450651,0.7090954689851195,0.32028417079849036,0.8405575572567834,0.3307503837208337,0.17688255926490548,0.5151628368431214,4328,42411,17399,971,7.208779100008542
baseline__catboost_native__full_features__most_frequent__default__none,catboost_native,catboost,full_features,16,CPU,BMI training median; categorical explicit Missing,native categorical strings,none,"{""depth"": 6, ""iterations"": 220, ""learning_rate"": 0.08, ""weighted"": false}",none,0.9202107235558832,0.5406003202125975,0.5634146341463414,0.08718626155878467,0.9940143788664103,0.1510050661872855,0.8419995977701168,0.33879609187942383,0.06299814617575482,0.21873731105830363,462,59452,358,4837,74.66244310000911
baseline__catboost_onehot__full_features__most_frequent__default__none,catboost_onehot,catboost,full_features,16,CPU,BMI training median; categorical training most frequent,nominal one-hot; ordinals one-hot,none,"{""iterations"": 220, ""learning_rate"": 0.08, ""depth"": 6, ""thread_count"": 4, ""random_seed"": 42, ""verbose"": false, ""allow_writing_files"": false}",none,0.9199035463607181,0.5400031359921629,0.5506024096385542,0.08624268729949047,0.9937635846848353,0.14912710066895088,0.8415074877452878,0.33596543826176495,0.06308889106390332,0.21905892650502032,457,59437,373,4842,10.80273950000992
baseline__dummy_most_frequent__mobile_core__most_frequent__default__none,dummy_most_frequent,dummy,mobile_core,11,CPU,BMI training median; categorical training most frequent,nominal one-hot; ordinals one-hot,none,"{""constant"": null, ""random_state"": null, ""strategy"": ""most_frequent""}",none,0.918613402141025,0.5,0.0,0.0,1.0,0.0,0.5,0.08138659785897495,0.08138659785897495,2.9334703237483573,0,59810,0,5299,2.9179278999799863
baseline__dummy_prior__mobile_core__most_frequent__default__none,dummy_prior,dummy,mobile_core,11,CPU,BMI training median; categorical training most frequent,nominal one-hot; ordinals one-hot,none,"{""constant"": null, ""random_state"": null, ""strategy"": ""prior""}",none,0.918613402141025,0.5,0.0,0.0,1.0,0.0,0.5,0.08138659785897495,0.07476282034779326,0.2821429370863018,0,59810,0,5299,3.234602000011364
baseline__logistic_none__mobile_core__most_frequent__default__none,logistic_none,logistic,mobile_core,11,CPU,BMI training median; categorical training most frequent,nominal one-hot; ordinals one-hot,none,"{""C"": 1, ""class_weight"": null, ""dual"": false, ""fit_intercept"": true, ""intercept_scaling"": 1, ""l1_ratio"": 0.0, ""max_iter"": 600, ""n_jobs"": null, ""penalty"": ""deprecated"", ""random_state"": 42, ""solver"": ""lbfgs"", ""tol"": 0.0001, ""verbose"": 0, ""warm_start"": false}",none,0.9179376123116619,0.5228515259004587,0.4623287671232877,0.05095301000188715,0.9947500417990303,0.09178990311065782,0.814846100529894,0.27725172814753724,0.06613011344668715,0.2311963894877744,270,59496,314,5029,4.257354100001976
baseline__logistic_balanced__mobile_core__most_frequent__default__none,logistic_balanced,logistic,mobile_core,11,CPU,BMI training median; categorical training most frequent,nominal one-hot; ordinals one-hot,balanced,"{""C"": 1, ""class_weight"": ""balanced"", ""dual"": false, ""fit_intercept"": true, ""intercept_scaling"": 1, ""l1_ratio"": 0.0, ""max_iter"": 600, ""n_jobs"": null, ""penalty"": ""deprecated"", ""random_state"": 42, ""solver"": ""lbfgs"", ""tol"": 0.0001, ""verbose"": 0, ""warm_start"": false}",none,0.7050945337818121,0.7428220392442964,0.18762358439690816,0.7878845065106624,0.6977595719779301,0.3030742985735545,0.8152664698828167,0.2769839127481306,0.18920067128990084,0.5543477972328555,4175,41733,18077,1124,4.0666135999781545
baseline__random_forest_none__mobile_core__most_frequent__default__none,random_forest_none,random_forest,mobile_core,11,CPU,BMI training median; categorical training most frequent,nominal one-hot; ordinals one-hot,none,"{""bootstrap"": true, ""ccp_alpha"": 0.0, ""class_weight"": null, ""criterion"": ""gini"", ""max_depth"": 12, ""max_features"": ""sqrt"", ""max_leaf_nodes"": null, ""max_samples"": 0.7, ""min_impurity_decrease"": 0.0, ""min_samples_leaf"": 20, ""min_samples_split"": 2, ""min_weight_fraction_leaf"": 0.0, ""monotonic_cst"": null, ""n_estimators"": 80, ""n_jobs"": 4, ""oob_score"": false, ""random_state"": 42, ""verbose"": 0, ""warm_start"": false}",none,0.9188130673178824,0.5044085584725285,0.5747126436781609,0.009435742592942064,0.999381374352115,0.01856665428889714,0.8088013091970583,0.26976696954488183,0.06635172545526236,0.233190662446932,50,59773,37,5249,8.011796000006143
baseline__random_forest_balanced__mobile_core__most_frequent__default__none,random_forest_balanced,random_forest,mobile_core,11,CPU,BMI training median; categorical training most frequent,nominal one-hot; ordinals one-hot,balanced,"{""bootstrap"": true, ""ccp_alpha"": 0.0, ""class_weight"": ""balanced"", ""criterion"": ""gini"", ""max_depth"": 12, ""max_features"": ""sqrt"", ""max_leaf_nodes"": null, ""max_samples"": 0.7, ""min_impurity_decrease"": 0.0, ""min_samples_leaf"": 20, ""min_samples_split"": 2, ""min_weight_fraction_leaf"": 0.0, ""monotonic_cst"": null, ""n_estimators"": 80, ""n_jobs"": 4, ""oob_score"": false, ""random_state"": 42, ""verbose"": 0, ""warm_start"": false}",none,0.685250886974151,0.7368370365375744,0.17885525870815014,0.7984525382147575,0.6752215348603913,0.2922465895354861,0.8098485725019837,0.2707458519331934,0.18939206678092996,0.549938487343377,4231,40385,19425,1068,6.966983599995729
baseline__hist_gradient_boosting__mobile_core__most_frequent__default__none,hist_gradient_boosting,hist_gradient_boosting,mobile_core,11,CPU,BMI training median; categorical training most frequent,nominal one-hot; ordinals one-hot,none,"{""categorical_features"": ""from_dtype"", ""class_weight"": null, ""early_stopping"": false, ""interaction_cst"": null, ""l2_regularization"": 2, ""learning_rate"": 0.08, ""loss"": ""log_loss"", ""max_bins"": 255, ""max_depth"": null, ""max_features"": 1.0, ""max_iter"": 180, ""max_leaf_nodes"": 15, ""min_samples_leaf"": 20, ""monotonic_cst"": null, ""n_iter_no_change"": 10, ""random_state"": 42, ""scoring"": ""loss"", ""tol"": 1e-07, ""validation_fraction"": 0.1, ""verbose"": 0, ""warm_start"": false}",none,0.9185980432812668,0.5099673640996704,0.4978540772532189,0.021890922815625588,0.9980438053837151,0.04193781634128706,0.8163230127459986,0.27546440017721596,0.06598542248347763,0.23038087279208852,116,59693,117,5183,6.256081100000301
baseline__xgboost_none__mobile_core__most_frequent__default__none,xgboost_none,xgboost,mobile_core,11,CPU,BMI training median; categorical training most frequent,nominal one-hot; ordinals one-hot,none,"{""objective"": ""binary:logistic"", ""base_score"": null, ""booster"": null, ""callbacks"": null, ""colsample_bylevel"": null, ""colsample_bynode"": null, ""colsample_bytree"": 0.85, ""device"": null, ""early_stopping_rounds"": null, ""enable_categorical"": true, ""eval_metric"": ""logloss"", ""feature_types"": null, ""feature_weights"": null, ""gamma"": null, ""grow_policy"": null, ""importance_type"": null, ""interaction_constraints"": null, ""learning_rate"": 0.08, ""max_bin"": null, ""max_cat_threshold"": null, ""max_cat_to_onehot"": null, ""max_delta_step"": null, ""max_depth"": 4, ""max_leaves"": null, ""min_child_weight"": null, ""missing"": NaN, ""monotone_constraints"": null, ""multi_strategy"": null, ""n_estimators"": 220, ""n_jobs"": 4, ""num_parallel_tree"": null, ""random_state"": 42, ""reg_alpha"": null, ""reg_lambda"": null, ""sampling_method"": null, ""scale_pos_weight"": null, ""subsample"": 0.85, ""tree_method"": ""hist"", ""validate_parameters"": null, ""verbosity"": null}",none,0.9183215838056182,0.5137727781050637,0.47230320699708456,0.03057180600113229,0.9969737502089951,0.05742644452321872,0.8164328497750584,0.27750155816254335,0.0659691299167628,0.23035134059693552,162,59629,181,5137,5.33050790001289
baseline__xgboost_weighted__mobile_core__most_frequent__default__none,xgboost_weighted,xgboost,mobile_core,11,CPU,BMI training median; categorical training most frequent,nominal one-hot; ordinals one-hot,training negatives/positives,"{""objective"": ""binary:logistic"", ""base_score"": null, ""booster"": null, ""callbacks"": null, ""colsample_bylevel"": null, ""colsample_bynode"": null, ""colsample_bytree"": 0.85, ""device"": null, ""early_stopping_rounds"": null, ""enable_categorical"": true, ""eval_metric"": ""logloss"", ""feature_types"": null, ""feature_weights"": null, ""gamma"": null, ""grow_policy"": null, ""importance_type"": null, ""interaction_constraints"": null, ""learning_rate"": 0.08, ""max_bin"": null, ""max_cat_threshold"": null, ""max_cat_to_onehot"": null, ""max_delta_step"": null, ""max_depth"": 4, ""max_leaves"": null, ""min_child_weight"": null, ""missing"": NaN, ""monotone_constraints"": null, ""multi_strategy"": null, ""n_estimators"": 220, ""n_jobs"": 4, ""num_parallel_tree"": null, ""random_state"": 42, ""reg_alpha"": null, ""reg_lambda"": null, ""sampling_method"": null, ""scale_pos_weight"": 11.282766990291263, ""subsample"": 0.85, ""tree_method"": ""hist"", ""validate_parameters"": null, ""verbosity"": null}",none,0.6919473498287487,0.7436638239119102,0.1832231475916545,0.8054349877335346,0.6818926600902859,0.298534606372189,0.8165146714359579,0.27854739330860495,0.18959043837212367,0.5468740411889724,4268,40784,19026,1031,4.20932600001106
baseline__lightgbm_none__mobile_core__most_frequent__default__none,lightgbm_none,lightgbm,mobile_core,11,CPU,BMI training median; categorical training most frequent,nominal one-hot; ordinals one-hot,none,"{""boosting_type"": ""gbdt"", ""class_weight"": null, ""colsample_bytree"": 1.0, ""importance_type"": ""split"", ""learning_rate"": 0.08, ""max_depth"": -1, ""min_child_samples"": 60, ""min_child_weight"": 0.001, ""min_split_gain"": 0.0, ""n_estimators"": 220, ""n_jobs"": 4, ""num_leaves"": 15, ""objective"": null, ""random_state"": 42, ""reg_alpha"": 0.0, ""reg_lambda"": 0.0, ""subsample"": 1.0, ""subsample_for_bin"": 200000, ""subsample_freq"": 0, ""verbosity"": -1, ""deterministic"": true, ""force_col_wise"": true}",none,0.9185058901227173,0.5098312076434784,0.48523206751054854,0.021702207963766748,0.9979602073231901,0.04154624277456647,0.8162811159033234,0.2751070673246764,0.06599985039583386,0.23041014796658796,115,59688,122,5184,3.5112140999990515
baseline__lightgbm_balanced__mobile_core__most_frequent__default__none,lightgbm_balanced,lightgbm,mobile_core,11,CPU,BMI training median; categorical training most frequent,nominal one-hot; ordinals one-hot,balanced,"{""boosting_type"": ""gbdt"", ""class_weight"": ""balanced"", ""colsample_bytree"": 1.0, ""importance_type"": ""split"", ""learning_rate"": 0.08, ""max_depth"": -1, ""min_child_samples"": 60, ""min_child_weight"": 0.001, ""min_split_gain"": 0.0, ""n_estimators"": 220, ""n_jobs"": 4, ""num_leaves"": 15, ""objective"": null, ""random_state"": 42, ""reg_alpha"": 0.0, ""reg_lambda"": 0.0, ""subsample"": 1.0, ""subsample_for_bin"": 200000, ""subsample_freq"": 0, ""verbosity"": -1, ""deterministic"": true, ""force_col_wise"": true}",none,0.6872321798829655,0.7434192991904698,0.18156837877827098,0.8105302887337233,0.6763083096472162,0.2966774884299233,0.8160060453119473,0.2762345804243898,0.19041541614047372,0.5467937748639847,4295,40450,19360,1004,3.445862599997781
baseline__catboost_native__mobile_core__most_frequent__default__none,catboost_native,catboost,mobile_core,11,CPU,BMI training median; categorical explicit Missing,native categorical strings,none,"{""depth"": 6, ""iterations"": 220, ""learning_rate"": 0.08, ""weighted"": false}",none,0.9186748375800581,0.5119011107672251,0.5073529411764706,0.0260426495565201,0.9977595719779301,0.04954227248249865,0.8183968820053209,0.2815362594370339,0.06573748197069432,0.22943359112740294,138,59676,134,5161,36.766738500009524
baseline__catboost_onehot__mobile_core__most_frequent__default__none,catboost_onehot,catboost,mobile_core,11,CPU,BMI training median; categorical training most frequent,nominal one-hot; ordinals one-hot,none,"{""iterations"": 220, ""learning_rate"": 0.08, ""depth"": 6, ""thread_count"": 4, ""random_seed"": 42, ""verbose"": false, ""allow_writing_files"": false}",none,0.9186287610007833,0.5129080027875906,0.5016722408026756,0.028307227778826195,0.9975087777963552,0.05359056806002144,0.816866579988041,0.27807346783100695,0.0659164594847672,0.2301667241794942,150,59661,149,5149,8.281649100012146
baseline__dummy_most_frequent__no_socioeconomic__most_frequent__default__none,dummy_most_frequent,dummy,no_socioeconomic,14,CPU,BMI training median; categorical training most frequent,nominal one-hot; ordinals one-hot,none,"{""constant"": null, ""random_state"": null, ""strategy"": ""most_frequent""}",none,0.918613402141025,0.5,0.0,0.0,1.0,0.0,0.5,0.08138659785897495,0.08138659785897495,2.9334703237483573,0,59810,0,5299,4.150094099983107
baseline__dummy_prior__no_socioeconomic__most_frequent__default__none,dummy_prior,dummy,no_socioeconomic,14,CPU,BMI training median; categorical training most frequent,nominal one-hot; ordinals one-hot,none,"{""constant"": null, ""random_state"": null, ""strategy"": ""prior""}",none,0.918613402141025,0.5,0.0,0.0,1.0,0.0,0.5,0.08138659785897495,0.07476282034779326,0.2821429370863018,0,59810,0,5299,4.122236800001701
baseline__logistic_none__no_socioeconomic__most_frequent__default__none,logistic_none,logistic,no_socioeconomic,14,CPU,BMI training median; categorical training most frequent,nominal one-hot; ordinals one-hot,none,"{""C"": 1, ""class_weight"": null, ""dual"": false, ""fit_intercept"": true, ""intercept_scaling"": 1, ""l1_ratio"": 0.0, ""max_iter"": 600, ""n_jobs"": null, ""penalty"": ""deprecated"", ""random_state"": 42, ""solver"": ""lbfgs"", ""tol"": 0.0001, ""verbose"": 0, ""warm_start"": false}",none,0.918551966701992,0.5484692183863734,0.49823321554770317,0.10643517644838649,0.9905032603243604,0.17540040429171203,0.8387707737394119,0.3304711029580813,0.0636129532329158,0.22088969751953882,564,59242,568,4735,4.617045799997868
baseline__logistic_balanced__no_socioeconomic__most_frequent__default__none,logistic_balanced,logistic,no_socioeconomic,14,CPU,BMI training median; categorical training most frequent,nominal one-hot; ordinals one-hot,balanced,"{""C"": 1, ""class_weight"": ""balanced"", ""dual"": false, ""fit_intercept"": true, ""intercept_scaling"": 1, ""l1_ratio"": 0.0, ""max_iter"": 600, ""n_jobs"": null, ""penalty"": ""deprecated"", ""random_state"": 42, ""solver"": ""lbfgs"", ""tol"": 0.0001, ""verbose"": 0, ""warm_start"": false}",none,0.7366877083045354,0.7621681007912109,0.20745863176092863,0.7926023778071334,0.7317338237752884,0.3288443470090824,0.8391237156323073,0.32984164565442875,0.1750226784451945,0.5243333093911294,4200,43765,16045,1099,4.416545299987774
gpu_baseline__xgboost_none__full_features__most_frequent__default__none,xgboost_none,xgboost,full_features,16,GPU,BMI training median; categorical training most frequent,nominal one-hot; ordinals one-hot,none,"{""objective"": ""binary:logistic"", ""base_score"": null, ""booster"": null, ""callbacks"": null, ""colsample_bylevel"": null, ""colsample_bynode"": null, ""colsample_bytree"": 0.85, ""device"": null, ""early_stopping_rounds"": null, ""enable_categorical"": true, ""eval_metric"": ""logloss"", ""feature_types"": null, ""feature_weights"": null, ""gamma"": null, ""grow_policy"": null, ""importance_type"": null, ""interaction_constraints"": null, ""learning_rate"": 0.08, ""max_bin"": null, ""max_cat_threshold"": null, ""max_cat_to_onehot"": null, ""max_delta_step"": null, ""max_depth"": 4, ""max_leaves"": null, ""min_child_weight"": null, ""missing"": NaN, ""monotone_constraints"": null, ""multi_strategy"": null, ""n_estimators"": 220, ""n_jobs"": 4, ""num_parallel_tree"": null, ""random_state"": 42, ""reg_alpha"": null, ""reg_lambda"": null, ""sampling_method"": null, ""scale_pos_weight"": null, ""subsample"": 0.85, ""tree_method"": ""hist"", ""validate_parameters"": null, ""verbosity"": null}",none,0.9199035463607181,0.5412071026704398,0.548951048951049,0.08888469522551425,0.9935295101153653,0.1529965892480104,0.8417565623215416,0.3363941644399823,0.06312973687491438,0.21900839487742846,471,59423,387,4828,5.634957400005078
gpu_baseline__xgboost_weighted__full_features__most_frequent__default__none,xgboost_weighted,xgboost,full_features,16,GPU,BMI training median; categorical training most frequent,nominal one-hot; ordinals one-hot,training negatives/positives,"{""objective"": ""binary:logistic"", ""base_score"": null, ""booster"": null, ""callbacks"": null, ""colsample_bylevel"": null, ""colsample_bynode"": null, ""colsample_bytree"": 0.85, ""device"": null, ""early_stopping_rounds"": null, ""enable_categorical"": true, ""eval_metric"": ""logloss"", ""feature_types"": null, ""feature_weights"": null, ""gamma"": null, ""grow_policy"": null, ""importance_type"": null, ""interaction_constraints"": null, ""learning_rate"": 0.08, ""max_bin"": null, ""max_cat_threshold"": null, ""max_cat_to_onehot"": null, ""max_delta_step"": null, ""max_depth"": 4, ""max_leaves"": null, ""min_child_weight"": null, ""missing"": NaN, ""monotone_constraints"": null, ""multi_strategy"": null, ""n_estimators"": 220, ""n_jobs"": 4, ""num_parallel_tree"": null, ""random_state"": 42, ""reg_alpha"": null, ""reg_lambda"": null, ""sampling_method"": null, ""scale_pos_weight"": 11.282766990291263, ""subsample"": 0.85, ""tree_method"": ""hist"", ""validate_parameters"": null, ""verbosity"": null}",none,0.7253375109431875,0.7633000018079521,0.20256216318426776,0.808643140215135,0.7179568634007691,0.3239708161645182,0.8415534532688104,0.33378586764891993,0.17533964164107405,0.5141218822776343,4285,42941,16869,1014,5.447012000018731
gpu_baseline__catboost_native__full_features__most_frequent__default__none,catboost_native,catboost,full_features,16,GPU,BMI training median; categorical explicit Missing,native categorical strings,none,"{""depth"": 6, ""device"": ""CPU"", ""iterations"": 220, ""learning_rate"": 0.08, ""weighted"": false}",none,0.9201492881168502,0.5404808833685106,0.5608272506082725,0.08699754670692583,0.9939642200300953,0.15062898219245222,0.8421791703166209,0.33846904313573734,0.06300417664129225,0.21869610407341905,461,59449,361,4838,24.372388499992667
gpu_baseline__catboost_native_balanced__full_features__most_frequent__default__none,catboost_native_balanced,catboost,full_features,16,GPU,BMI training median; categorical explicit Missing,native categorical strings,balanced,"{""depth"": 6, ""device"": ""CPU"", ""iterations"": 220, ""learning_rate"": 0.08, ""weighted"": true}",none,0.7227572225038014,0.7640454948880551,0.20166573086281114,0.813361011511606,0.7147299782645042,0.32319748040943347,0.842530712860966,0.33882878114281156,0.17500279665360233,0.51156188222308,4310,42748,17062,989,25.32048070000019
gpu_baseline__catboost_onehot__full_features__most_frequent__default__none,catboost_onehot,catboost,full_features,16,GPU,BMI training median; categorical training most frequent,nominal one-hot; ordinals one-hot,none,"{""iterations"": 220, ""learning_rate"": 0.08, ""depth"": 6, ""thread_count"": 4, ""random_seed"": 42, ""verbose"": false, ""allow_writing_files"": false}",none,0.9197192400436192,0.5387848492611329,0.5441176470588235,0.08378939422532554,0.9937803042969403,0.14521668029435814,0.8413053568166844,0.334171397409316,0.06314549155823376,0.21923276656639612,444,59438,372,4855,6.771920400002273
baseline__dummy_most_frequent__core_features__most_frequent__default__none,dummy_most_frequent,dummy,core_features,11,CPU,BMI training median; categorical training most frequent,nominal one-hot; ordinals one-hot,none,"{""constant"": null, ""random_state"": null, ""strategy"": ""most_frequent""}",none,0.918613402141025,0.5,0.0,0.0,1.0,0.0,0.5,0.08138659785897495,0.08138659785897495,2.9334703237483573,0,59810,0,5299,3.161461599986069
baseline__dummy_prior__core_features__most_frequent__default__none,dummy_prior,dummy,core_features,11,CPU,BMI training median; categorical training most frequent,nominal one-hot; ordinals one-hot,none,"{""constant"": null, ""random_state"": null, ""strategy"": ""prior""}",none,0.918613402141025,0.5,0.0,0.0,1.0,0.0,0.5,0.08138659785897495,0.07476282034779326,0.2821429370863018,0,59810,0,5299,2.947698700008914
baseline__logistic_none__core_features__most_frequent__default__none,logistic_none,logistic,core_features,11,CPU,BMI training median; categorical training most frequent,nominal one-hot; ordinals one-hot,none,"{""C"": 1, ""class_weight"": null, ""dual"": false, ""fit_intercept"": true, ""intercept_scaling"": 1, ""l1_ratio"": 0.0, ""max_iter"": 600, ""n_jobs"": null, ""penalty"": ""deprecated"", ""random_state"": 42, ""solver"": ""lbfgs"", ""tol"": 0.0001, ""verbose"": 0, ""warm_start"": false}",none,0.9179376123116619,0.5228515259004587,0.4623287671232877,0.05095301000188715,0.9947500417990303,0.09178990311065782,0.814846100529894,0.27725172814753724,0.06613011344668715,0.2311963894877744,270,59496,314,5029,3.6599042000016198
baseline__logistic_balanced__core_features__most_frequent__default__none,logistic_balanced,logistic,core_features,11,CPU,BMI training median; categorical training most frequent,nominal one-hot; ordinals one-hot,balanced,"{""C"": 1, ""class_weight"": ""balanced"", ""dual"": false, ""fit_intercept"": true, ""intercept_scaling"": 1, ""l1_ratio"": 0.0, ""max_iter"": 600, ""n_jobs"": null, ""penalty"": ""deprecated"", ""random_state"": 42, ""solver"": ""lbfgs"", ""tol"": 0.0001, ""verbose"": 0, ""warm_start"": false}",none,0.7050945337818121,0.7428220392442964,0.18762358439690816,0.7878845065106624,0.6977595719779301,0.3030742985735545,0.8152664698828167,0.2769839127481306,0.18920067128990084,0.5543477972328555,4175,41733,18077,1124,3.6589339000056498
baseline__random_forest_none__core_features__most_frequent__default__none,random_forest_none,random_forest,core_features,11,CPU,BMI training median; categorical training most frequent,nominal one-hot; ordinals one-hot,none,"{""bootstrap"": true, ""ccp_alpha"": 0.0, ""class_weight"": null, ""criterion"": ""gini"", ""max_depth"": 12, ""max_features"": ""sqrt"", ""max_leaf_nodes"": null, ""max_samples"": 0.7, ""min_impurity_decrease"": 0.0, ""min_samples_leaf"": 20, ""min_samples_split"": 2, ""min_weight_fraction_leaf"": 0.0, ""monotonic_cst"": null, ""n_estimators"": 80, ""n_jobs"": 4, ""oob_score"": false, ""random_state"": 42, ""verbose"": 0, ""warm_start"": false}",none,0.9188130673178824,0.5044085584725285,0.5747126436781609,0.009435742592942064,0.999381374352115,0.01856665428889714,0.8088013091970583,0.26976696954488183,0.06635172545526236,0.233190662446932,50,59773,37,5249,7.238559099991107
baseline__random_forest_balanced__core_features__most_frequent__default__none,random_forest_balanced,random_forest,core_features,11,CPU,BMI training median; categorical training most frequent,nominal one-hot; ordinals one-hot,balanced,"{""bootstrap"": true, ""ccp_alpha"": 0.0, ""class_weight"": ""balanced"", ""criterion"": ""gini"", ""max_depth"": 12, ""max_features"": ""sqrt"", ""max_leaf_nodes"": null, ""max_samples"": 0.7, ""min_impurity_decrease"": 0.0, ""min_samples_leaf"": 20, ""min_samples_split"": 2, ""min_weight_fraction_leaf"": 0.0, ""monotonic_cst"": null, ""n_estimators"": 80, ""n_jobs"": 4, ""oob_score"": false, ""random_state"": 42, ""verbose"": 0, ""warm_start"": false}",none,0.685250886974151,0.7368370365375744,0.17885525870815014,0.7984525382147575,0.6752215348603913,0.2922465895354861,0.8098485725019837,0.2707458519331934,0.18939206678092996,0.549938487343377,4231,40385,19425,1068,6.8163303999754135
baseline__hist_gradient_boosting__core_features__most_frequent__default__none,hist_gradient_boosting,hist_gradient_boosting,core_features,11,CPU,BMI training median; categorical training most frequent,nominal one-hot; ordinals one-hot,none,"{""categorical_features"": ""from_dtype"", ""class_weight"": null, ""early_stopping"": false, ""interaction_cst"": null, ""l2_regularization"": 2, ""learning_rate"": 0.08, ""loss"": ""log_loss"", ""max_bins"": 255, ""max_depth"": null, ""max_features"": 1.0, ""max_iter"": 180, ""max_leaf_nodes"": 15, ""min_samples_leaf"": 20, ""monotonic_cst"": null, ""n_iter_no_change"": 10, ""random_state"": 42, ""scoring"": ""loss"", ""tol"": 1e-07, ""validation_fraction"": 0.1, ""verbose"": 0, ""warm_start"": false}",none,0.9185980432812668,0.5099673640996704,0.4978540772532189,0.021890922815625588,0.9980438053837151,0.04193781634128706,0.8163230127459986,0.27546440017721596,0.06598542248347763,0.23038087279208852,116,59693,117,5183,6.482399500004249
gpu_baseline__xgboost_none__core_features__most_frequent__default__none,xgboost_none,xgboost,core_features,11,GPU,BMI training median; categorical training most frequent,nominal one-hot; ordinals one-hot,none,"{""objective"": ""binary:logistic"", ""base_score"": null, ""booster"": null, ""callbacks"": null, ""colsample_bylevel"": null, ""colsample_bynode"": null, ""colsample_bytree"": 0.85, ""device"": null, ""early_stopping_rounds"": null, ""enable_categorical"": true, ""eval_metric"": ""logloss"", ""feature_types"": null, ""feature_weights"": null, ""gamma"": null, ""grow_policy"": null, ""importance_type"": null, ""interaction_constraints"": null, ""learning_rate"": 0.08, ""max_bin"": null, ""max_cat_threshold"": null, ""max_cat_to_onehot"": null, ""max_delta_step"": null, ""max_depth"": 4, ""max_leaves"": null, ""min_child_weight"": null, ""missing"": NaN, ""monotone_constraints"": null, ""multi_strategy"": null, ""n_estimators"": 220, ""n_jobs"": 4, ""num_parallel_tree"": null, ""random_state"": 42, ""reg_alpha"": null, ""reg_lambda"": null, ""sampling_method"": null, ""scale_pos_weight"": null, ""subsample"": 0.85, ""tree_method"": ""hist"", ""validate_parameters"": null, ""verbosity"": null}",none,0.9186287610007833,0.5135099861267292,0.5015974440894568,0.029628231741838082,0.9973917405116202,0.05595153243050606,0.8168115415744246,0.2772068403206376,0.06595616387882125,0.2302485807424905,157,59654,156,5142,4.488505599991186
gpu_baseline__xgboost_weighted__core_features__most_frequent__default__none,xgboost_weighted,xgboost,core_features,11,GPU,BMI training median; categorical training most frequent,nominal one-hot; ordinals one-hot,training negatives/positives,"{""objective"": ""binary:logistic"", ""base_score"": null, ""booster"": null, ""callbacks"": null, ""colsample_bylevel"": null, ""colsample_bynode"": null, ""colsample_bytree"": 0.85, ""device"": null, ""early_stopping_rounds"": null, ""enable_categorical"": true, ""eval_metric"": ""logloss"", ""feature_types"": null, ""feature_weights"": null, ""gamma"": null, ""grow_policy"": null, ""importance_type"": null, ""interaction_constraints"": null, ""learning_rate"": 0.08, ""max_bin"": null, ""max_cat_threshold"": null, ""max_cat_to_onehot"": null, ""max_delta_step"": null, ""max_depth"": 4, ""max_leaves"": null, ""min_child_weight"": null, ""missing"": NaN, ""monotone_constraints"": null, ""multi_strategy"": null, ""n_estimators"": 220, ""n_jobs"": 4, ""num_parallel_tree"": null, ""random_state"": 42, ""reg_alpha"": null, ""reg_lambda"": null, ""sampling_method"": null, ""scale_pos_weight"": 11.282766990291263, ""subsample"": 0.85, ""tree_method"": ""hist"", ""validate_parameters"": null, ""verbosity"": null}",none,0.6920395029872982,0.7447459541867483,0.18359643102264928,0.8076995659558407,0.681792342417656,0.2991856279053511,0.8163067727302401,0.2789190316511688,0.18973786759805278,0.54687317296071,4280,40778,19032,1019,4.302113400015514
baseline__lightgbm_none__core_features__most_frequent__default__none,lightgbm_none,lightgbm,core_features,11,CPU,BMI training median; categorical training most frequent,nominal one-hot; ordinals one-hot,none,"{""boosting_type"": ""gbdt"", ""class_weight"": null, ""colsample_bytree"": 1.0, ""importance_type"": ""split"", ""learning_rate"": 0.08, ""max_depth"": -1, ""min_child_samples"": 60, ""min_child_weight"": 0.001, ""min_split_gain"": 0.0, ""n_estimators"": 220, ""n_jobs"": 4, ""num_leaves"": 15, ""objective"": null, ""random_state"": 42, ""reg_alpha"": 0.0, ""reg_lambda"": 0.0, ""subsample"": 1.0, ""subsample_for_bin"": 200000, ""subsample_freq"": 0, ""verbosity"": -1, ""deterministic"": true, ""force_col_wise"": true}",none,0.918797708458124,0.5103340344379835,0.5265486725663717,0.022457067371202115,0.998211001504765,0.043076923076923075,0.8160055452065464,0.27707951360954325,0.06596320454179302,0.23045412357950373,119,59703,107,5180,4.915140099998098
baseline__lightgbm_balanced__core_features__most_frequent__default__none,lightgbm_balanced,lightgbm,core_features,11,CPU,BMI training median; categorical training most frequent,nominal one-hot; ordinals one-hot,balanced,"{""boosting_type"": ""gbdt"", ""class_weight"": ""balanced"", ""colsample_bytree"": 1.0, ""importance_type"": ""split"", ""learning_rate"": 0.08, ""max_depth"": -1, ""min_child_samples"": 60, ""min_child_weight"": 0.001, ""min_split_gain"": 0.0, ""n_estimators"": 220, ""n_jobs"": 4, ""num_leaves"": 15, ""objective"": null, ""random_state"": 42, ""reg_alpha"": 0.0, ""reg_lambda"": 0.0, ""subsample"": 1.0, ""subsample_for_bin"": 200000, ""subsample_freq"": 0, ""verbosity"": -1, ""deterministic"": true, ""force_col_wise"": true}",none,0.6878618931330538,0.7436760536187452,0.18185668304252076,0.8103415738818645,0.6770105333556261,0.29704956590916953,0.8162373274947947,0.2771638067583636,0.19049229677306526,0.546997722036756,4294,40492,19318,1005,4.723488399991766
gpu_baseline__catboost_native__core_features__most_frequent__default__none,catboost_native,catboost,core_features,11,GPU,BMI training median; categorical explicit Missing,native categorical strings,none,"{""depth"": 6, ""device"": ""CPU"", ""iterations"": 220, ""learning_rate"": 0.08, ""weighted"": false}",none,0.9186287610007833,0.5125640123080829,0.5017182130584192,0.02755236837139083,0.9975756562447751,0.052236135957066186,0.8186694110515848,0.28262783753117826,0.06569852813915293,0.22929645392798043,146,59665,145,5153,18.498120400006883
gpu_baseline__catboost_native_balanced__core_features__most_frequent__default__none,catboost_native_balanced,catboost,core_features,11,GPU,BMI training median; categorical explicit Missing,native categorical strings,balanced,"{""depth"": 6, ""device"": ""CPU"", ""iterations"": 220, ""learning_rate"": 0.08, ""weighted"": true}",none,0.6911640479810779,0.7453014166802789,0.18347368871029796,0.8099641441781468,0.680638689182411,0.2991774710720758,0.8185289650478071,0.2817216940269159,0.18869686116695428,0.5436851854404966,4292,40709,19101,1007,19.52085959998658
gpu_baseline__catboost_onehot__core_features__most_frequent__default__none,catboost_onehot,catboost,core_features,11,GPU,BMI training median; categorical training most frequent,nominal one-hot; ordinals one-hot,none,"{""iterations"": 220, ""learning_rate"": 0.08, ""depth"": 6, ""thread_count"": 4, ""random_seed"": 42, ""verbose"": false, ""allow_writing_files"": false}",none,0.9185366078422338,0.5124278558518911,0.4915254237288136,0.02736365351953199,0.9974920581842501,0.05184125849124061,0.8166473003348119,0.2780295764301231,0.0659118766373734,0.23022713700787859,145,59660,150,5154,5.419338800013065
baseline__random_forest_none__no_socioeconomic__most_frequent__default__none,random_forest_none,random_forest,no_socioeconomic,14,CPU,BMI training median; categorical training most frequent,nominal one-hot; ordinals one-hot,none,"{""bootstrap"": true, ""ccp_alpha"": 0.0, ""class_weight"": null, ""criterion"": ""gini"", ""max_depth"": 12, ""max_features"": ""sqrt"", ""max_leaf_nodes"": null, ""max_samples"": 0.7, ""min_impurity_decrease"": 0.0, ""min_samples_leaf"": 20, ""min_samples_split"": 2, ""min_weight_fraction_leaf"": 0.0, ""monotonic_cst"": null, ""n_estimators"": 80, ""n_jobs"": 4, ""oob_score"": false, ""random_state"": 42, ""verbose"": 0, ""warm_start"": false}",none,0.9199035463607181,0.5179877453036711,0.6320754716981132,0.0379316852236271,0.9980438053837151,0.07156845291080648,0.8299236662465044,0.31713463472945863,0.06410674322551022,0.22451960993248377,201,59693,117,5098,8.849568300007377
baseline__random_forest_balanced__no_socioeconomic__most_frequent__default__none,random_forest_balanced,random_forest,no_socioeconomic,14,CPU,BMI training median; categorical training most frequent,nominal one-hot; ordinals one-hot,balanced,"{""bootstrap"": true, ""ccp_alpha"": 0.0, ""class_weight"": ""balanced"", ""criterion"": ""gini"", ""max_depth"": 12, ""max_features"": ""sqrt"", ""max_leaf_nodes"": null, ""max_samples"": 0.7, ""min_impurity_decrease"": 0.0, ""min_samples_leaf"": 20, ""min_samples_split"": 2, ""min_weight_fraction_leaf"": 0.0, ""monotonic_cst"": null, ""n_estimators"": 80, ""n_jobs"": 4, ""oob_score"": false, ""random_state"": 42, ""verbose"": 0, ""warm_start"": false}",none,0.7137262129659494,0.7568079931925085,0.1955172098968319,0.8082657105114173,0.7053502758735998,0.31486859033265946,0.8306872546229696,0.31669649938115274,0.17797895691960258,0.5239761064680211,4283,42187,17623,1016,7.836967700015521
baseline__hist_gradient_boosting__no_socioeconomic__most_frequent__default__none,hist_gradient_boosting,hist_gradient_boosting,no_socioeconomic,14,CPU,BMI training median; categorical training most frequent,nominal one-hot; ordinals one-hot,none,"{""categorical_features"": ""from_dtype"", ""class_weight"": null, ""early_stopping"": false, ""interaction_cst"": null, ""l2_regularization"": 2, ""learning_rate"": 0.08, ""loss"": ""log_loss"", ""max_bins"": 255, ""max_depth"": null, ""max_features"": 1.0, ""max_iter"": 180, ""max_leaf_nodes"": 15, ""min_samples_leaf"": 20, ""monotonic_cst"": null, ""n_iter_no_change"": 10, ""random_state"": 42, ""scoring"": ""loss"", ""tol"": 1e-07, ""validation_fraction"": 0.1, ""verbose"": 0, ""warm_start"": false}",none,0.919765316622894,0.5395839072581827,0.5451263537906137,0.0854878278920551,0.9936799866243103,0.14779771615008155,0.8402279814872025,0.3302492435969073,0.06336751005988234,0.21983726318123503,453,59432,378,4846,8.2839762000076
gpu_baseline__xgboost_none__no_socioeconomic__most_frequent__default__none,xgboost_none,xgboost,no_socioeconomic,14,GPU,BMI training median; categorical training most frequent,nominal one-hot; ordinals one-hot,none,"{""objective"": ""binary:logistic"", ""base_score"": null, ""booster"": null, ""callbacks"": null, ""colsample_bylevel"": null, ""colsample_bynode"": null, ""colsample_bytree"": 0.85, ""device"": null, ""early_stopping_rounds"": null, ""enable_categorical"": true, ""eval_metric"": ""logloss"", ""feature_types"": null, ""feature_weights"": null, ""gamma"": null, ""grow_policy"": null, ""importance_type"": null, ""interaction_constraints"": null, ""learning_rate"": 0.08, ""max_bin"": null, ""max_cat_threshold"": null, ""max_cat_to_onehot"": null, ""max_delta_step"": null, ""max_depth"": 4, ""max_leaves"": null, ""min_child_weight"": null, ""missing"": NaN, ""monotone_constraints"": null, ""multi_strategy"": null, ""n_estimators"": 220, ""n_jobs"": 4, ""num_parallel_tree"": null, ""random_state"": 42, ""reg_alpha"": null, ""reg_lambda"": null, ""sampling_method"": null, ""scale_pos_weight"": null, ""subsample"": 0.85, ""tree_method"": ""hist"", ""validate_parameters"": null, ""verbosity"": null}",none,0.9199956995192677,0.5420312400856471,0.5517241379310345,0.09058312889224382,0.9934793512790503,0.1556167936456476,0.8410632710950847,0.33434678716314015,0.0632260490449379,0.21936012989083817,480,59420,390,4819,5.440185299987206
gpu_baseline__xgboost_weighted__no_socioeconomic__most_frequent__default__none,xgboost_weighted,xgboost,no_socioeconomic,14,GPU,BMI training median; categorical training most frequent,nominal one-hot; ordinals one-hot,training negatives/positives,"{""objective"": ""binary:logistic"", ""base_score"": null, ""booster"": null, ""callbacks"": null, ""colsample_bylevel"": null, ""colsample_bynode"": null, ""colsample_bytree"": 0.85, ""device"": null, ""early_stopping_rounds"": null, ""enable_categorical"": true, ""eval_metric"": ""logloss"", ""feature_types"": null, ""feature_weights"": null, ""gamma"": null, ""grow_policy"": null, ""importance_type"": null, ""interaction_constraints"": null, ""learning_rate"": 0.08, ""max_bin"": null, ""max_cat_threshold"": null, ""max_cat_to_onehot"": null, ""max_delta_step"": null, ""max_depth"": 4, ""max_leaves"": null, ""min_child_weight"": null, ""missing"": NaN, ""monotone_constraints"": null, ""multi_strategy"": null, ""n_estimators"": 220, ""n_jobs"": 4, ""num_parallel_tree"": null, ""random_state"": 42, ""reg_alpha"": null, ""reg_lambda"": null, ""sampling_method"": null, ""scale_pos_weight"": 11.282766990291263, ""subsample"": 0.85, ""tree_method"": ""hist"", ""validate_parameters"": null, ""verbosity"": null}",none,0.7253375109431875,0.7637299899073366,0.20270270270270271,0.8095867144744291,0.7178732653402441,0.3242262781997506,0.840524151162584,0.33300102320073577,0.1756987876891088,0.5152573905096641,4290,42936,16874,1009,5.378244199993787
baseline__lightgbm_none__no_socioeconomic__most_frequent__default__none,lightgbm_none,lightgbm,no_socioeconomic,14,CPU,BMI training median; categorical training most frequent,nominal one-hot; ordinals one-hot,none,"{""boosting_type"": ""gbdt"", ""class_weight"": null, ""colsample_bytree"": 1.0, ""importance_type"": ""split"", ""learning_rate"": 0.08, ""max_depth"": -1, ""min_child_samples"": 60, ""min_child_weight"": 0.001, ""min_split_gain"": 0.0, ""n_estimators"": 220, ""n_jobs"": 4, ""num_leaves"": 15, ""objective"": null, ""random_state"": 42, ""reg_alpha"": 0.0, ""reg_lambda"": 0.0, ""subsample"": 1.0, ""subsample_for_bin"": 200000, ""subsample_freq"": 0, ""verbosity"": -1, ""deterministic"": true, ""force_col_wise"": true}",none,0.9193659862691794,0.5388505665815562,0.5289940828402366,0.08435553878090206,0.9933455943822104,0.1455078125,0.8402395769909741,0.3310533626386683,0.06333768270246344,0.21979813936225445,447,59412,398,4852,5.740390999999363
baseline__lightgbm_balanced__no_socioeconomic__most_frequent__default__none,lightgbm_balanced,lightgbm,no_socioeconomic,14,CPU,BMI training median; categorical training most frequent,nominal one-hot; ordinals one-hot,balanced,"{""boosting_type"": ""gbdt"", ""class_weight"": ""balanced"", ""colsample_bytree"": 1.0, ""importance_type"": ""split"", ""learning_rate"": 0.08, ""max_depth"": -1, ""min_child_samples"": 60, ""min_child_weight"": 0.001, ""min_split_gain"": 0.0, ""n_estimators"": 220, ""n_jobs"": 4, ""num_leaves"": 15, ""objective"": null, ""random_state"": 42, ""reg_alpha"": 0.0, ""reg_lambda"": 0.0, ""subsample"": 1.0, ""subsample_for_bin"": 200000, ""subsample_freq"": 0, ""verbosity"": -1, ""deterministic"": true, ""force_col_wise"": true}",none,0.7176273633445454,0.7621132958652894,0.1988400994200497,0.8152481600301944,0.7089784317003845,0.31970397779833487,0.8398920731527045,0.3296239321114774,0.17729857985223693,0.5165851522890128,4320,42404,17406,979,5.636521200009156
gpu_baseline__catboost_native__no_socioeconomic__most_frequent__default__none,catboost_native,catboost,no_socioeconomic,14,GPU,BMI training median; categorical explicit Missing,native categorical strings,none,"{""depth"": 6, ""device"": ""CPU"", ""iterations"": 220, ""learning_rate"": 0.08, ""weighted"": false}",none,0.9203796710132239,0.5404342852195443,0.5716064757160647,0.08662011700320815,0.9942484534358803,0.1504424778761062,0.8419577167036372,0.3393608424682351,0.06298542080782658,0.21870608864724805,459,59466,344,4840,21.743781500001205
gpu_baseline__catboost_native_balanced__no_socioeconomic__most_frequent__default__none,catboost_native_balanced,catboost,no_socioeconomic,14,GPU,BMI training median; categorical explicit Missing,native categorical strings,balanced,"{""depth"": 6, ""device"": ""CPU"", ""iterations"": 220, ""learning_rate"": 0.08, ""weighted"": true}",none,0.724631003394308,0.7646354031270755,0.20268361581920905,0.8124174372523117,0.7168533690018392,0.3244282000075361,0.8423973771885487,0.33816992859706646,0.17478051311632578,0.5112511335216356,4305,42875,16935,994,22.625852600001963
gpu_baseline__catboost_onehot__no_socioeconomic__most_frequent__default__none,catboost_onehot,catboost,no_socioeconomic,14,GPU,BMI training median; categorical training most frequent,nominal one-hot; ordinals one-hot,none,"{""iterations"": 220, ""learning_rate"": 0.08, ""depth"": 6, ""thread_count"": 4, ""random_seed"": 42, ""verbose"": false, ""allow_writing_files"": false}",none,0.9199189052204765,0.5391515195994462,0.5525339925834364,0.08435553878090206,0.9939475004179903,0.14636542239685657,0.8406914356303294,0.33315020643748183,0.06321270513733826,0.21949885499546432,447,59448,362,4852,6.655686199985212
baseline__dummy_most_frequent__no_temporal_proxies__most_frequent__default__none,dummy_most_frequent,dummy,no_temporal_proxies,13,CPU,BMI training median; categorical training most frequent,nominal one-hot; ordinals one-hot,none,"{""constant"": null, ""random_state"": null, ""strategy"": ""most_frequent""}",none,0.918613402141025,0.5,0.0,0.0,1.0,0.0,0.5,0.08138659785897495,0.08138659785897495,2.9334703237483573,0,59810,0,5299,3.751646400021855
baseline__dummy_prior__no_temporal_proxies__most_frequent__default__none,dummy_prior,dummy,no_temporal_proxies,13,CPU,BMI training median; categorical training most frequent,nominal one-hot; ordinals one-hot,none,"{""constant"": null, ""random_state"": null, ""strategy"": ""prior""}",none,0.918613402141025,0.5,0.0,0.0,1.0,0.0,0.5,0.08138659785897495,0.07476282034779326,0.2821429370863018,0,59810,0,5299,3.7501866000238806
baseline__logistic_none__no_temporal_proxies__most_frequent__default__none,logistic_none,logistic,no_temporal_proxies,13,CPU,BMI training median; categorical training most frequent,nominal one-hot; ordinals one-hot,none,"{""C"": 1, ""class_weight"": null, ""dual"": false, ""fit_intercept"": true, ""intercept_scaling"": 1, ""l1_ratio"": 0.0, ""max_iter"": 600, ""n_jobs"": null, ""penalty"": ""deprecated"", ""random_state"": 42, ""solver"": ""lbfgs"", ""tol"": 0.0001, ""verbose"": 0, ""warm_start"": false}",none,0.9179222534519037,0.52413313039256,0.4634146341463415,0.05378373277976977,0.9944825280053503,0.0963814677037538,0.8179146936299099,0.28182833303078286,0.06588003838805807,0.22999361906843596,285,59480,330,5014,4.227552600001218
baseline__logistic_balanced__no_temporal_proxies__most_frequent__default__none,logistic_balanced,logistic,no_temporal_proxies,13,CPU,BMI training median; categorical training most frequent,nominal one-hot; ordinals one-hot,balanced,"{""C"": 1, ""class_weight"": ""balanced"", ""dual"": false, ""fit_intercept"": true, ""intercept_scaling"": 1, ""l1_ratio"": 0.0, ""max_iter"": 600, ""n_jobs"": null, ""penalty"": ""deprecated"", ""random_state"": 42, ""solver"": ""lbfgs"", ""tol"": 0.0001, ""verbose"": 0, ""warm_start"": false}",none,0.7066304197576372,0.7452059770073308,0.18897602307553632,0.7912813738441216,0.6991305801705401,0.3050896787572307,0.8181956992260735,0.2814495447909646,0.18813887506819474,0.5515973519048725,4193,41815,17995,1106,4.58463070000289
baseline__random_forest_none__no_temporal_proxies__most_frequent__default__none,random_forest_none,random_forest,no_temporal_proxies,13,CPU,BMI training median; categorical training most frequent,nominal one-hot; ordinals one-hot,none,"{""bootstrap"": true, ""ccp_alpha"": 0.0, ""class_weight"": null, ""criterion"": ""gini"", ""max_depth"": 12, ""max_features"": ""sqrt"", ""max_leaf_nodes"": null, ""max_samples"": 0.7, ""min_impurity_decrease"": 0.0, ""min_samples_leaf"": 20, ""min_samples_split"": 2, ""min_weight_fraction_leaf"": 0.0, ""monotonic_cst"": null, ""n_estimators"": 80, ""n_jobs"": 4, ""oob_score"": false, ""random_state"": 42, ""verbose"": 0, ""warm_start"": false}",none,0.9187362730190911,0.5026468070447276,0.5769230769230769,0.005661445555765239,0.99963216853369,0.011212857409829939,0.810571182210358,0.2727315899973638,0.06621746498047928,0.23281160507225698,30,59788,22,5269,9.9332304999989
baseline__random_forest_balanced__no_temporal_proxies__most_frequent__default__none,random_forest_balanced,random_forest,no_temporal_proxies,13,CPU,BMI training median; categorical training most frequent,nominal one-hot; ordinals one-hot,balanced,"{""bootstrap"": true, ""ccp_alpha"": 0.0, ""class_weight"": ""balanced"", ""criterion"": ""gini"", ""max_depth"": 12, ""max_features"": ""sqrt"", ""max_leaf_nodes"": null, ""max_samples"": 0.7, ""min_impurity_decrease"": 0.0, ""min_samples_leaf"": 20, ""min_samples_split"": 2, ""min_weight_fraction_leaf"": 0.0, ""monotonic_cst"": null, ""n_estimators"": 80, ""n_jobs"": 4, ""oob_score"": false, ""random_state"": 42, ""verbose"": 0, ""warm_start"": false}",none,0.6871093090048995,0.7394825278475883,0.18029101090230348,0.8020381204000755,0.6769269352951012,0.2944028816846772,0.8109154976794952,0.27332459603786796,0.18849109530774508,0.5486618728129682,4250,40487,19323,1049,9.92106039999635
baseline__hist_gradient_boosting__no_temporal_proxies__most_frequent__default__none,hist_gradient_boosting,hist_gradient_boosting,no_temporal_proxies,13,CPU,BMI training median; categorical training most frequent,nominal one-hot; ordinals one-hot,none,"{""categorical_features"": ""from_dtype"", ""class_weight"": null, ""early_stopping"": false, ""interaction_cst"": null, ""l2_regularization"": 2, ""learning_rate"": 0.08, ""loss"": ""log_loss"", ""max_bins"": 255, ""max_depth"": null, ""max_features"": 1.0, ""max_iter"": 180, ""max_leaf_nodes"": 15, ""min_samples_leaf"": 20, ""monotonic_cst"": null, ""n_iter_no_change"": 10, ""random_state"": 42, ""scoring"": ""loss"", ""tol"": 1e-07, ""validation_fraction"": 0.1, ""verbose"": 0, ""warm_start"": false}",none,0.9188898616166736,0.5107281837538062,0.5394736842105263,0.023211926778637478,0.9982444407289751,0.04450877510403474,0.819985934575044,0.2829609398813671,0.06564465109414837,0.22887849593063653,123,59705,105,5176,8.692664500005776
gpu_baseline__xgboost_none__no_temporal_proxies__most_frequent__default__none,xgboost_none,xgboost,no_temporal_proxies,13,GPU,BMI training median; categorical training most frequent,nominal one-hot; ordinals one-hot,none,"{""objective"": ""binary:logistic"", ""base_score"": null, ""booster"": null, ""callbacks"": null, ""colsample_bylevel"": null, ""colsample_bynode"": null, ""colsample_bytree"": 0.85, ""device"": null, ""early_stopping_rounds"": null, ""enable_categorical"": true, ""eval_metric"": ""logloss"", ""feature_types"": null, ""feature_weights"": null, ""gamma"": null, ""grow_policy"": null, ""importance_type"": null, ""interaction_constraints"": null, ""learning_rate"": 0.08, ""max_bin"": null, ""max_cat_threshold"": null, ""max_cat_to_onehot"": null, ""max_delta_step"": null, ""max_depth"": 4, ""max_leaves"": null, ""min_child_weight"": null, ""missing"": NaN, ""monotone_constraints"": null, ""multi_strategy"": null, ""n_estimators"": 220, ""n_jobs"": 4, ""num_parallel_tree"": null, ""random_state"": 42, ""reg_alpha"": null, ""reg_lambda"": null, ""sampling_method"": null, ""scale_pos_weight"": null, ""subsample"": 0.85, ""tree_method"": ""hist"", ""validate_parameters"": null, ""verbosity"": null}",none,0.9184137369641677,0.5153708940991634,0.48257372654155495,0.033968673334591436,0.9967731148637352,0.06346967559943582,0.820111017719539,0.2829438767562177,0.0656871682370531,0.22891330168299678,180,59617,193,5119,4.796375200006878
gpu_baseline__xgboost_weighted__no_temporal_proxies__most_frequent__default__none,xgboost_weighted,xgboost,no_temporal_proxies,13,GPU,BMI training median; categorical training most frequent,nominal one-hot; ordinals one-hot,training negatives/positives,"{""objective"": ""binary:logistic"", ""base_score"": null, ""booster"": null, ""callbacks"": null, ""colsample_bylevel"": null, ""colsample_bynode"": null, ""colsample_bytree"": 0.85, ""device"": null, ""early_stopping_rounds"": null, ""enable_categorical"": true, ""eval_metric"": ""logloss"", ""feature_types"": null, ""feature_weights"": null, ""gamma"": null, ""grow_policy"": null, ""importance_type"": null, ""interaction_constraints"": null, ""learning_rate"": 0.08, ""max_bin"": null, ""max_cat_threshold"": null, ""max_cat_to_onehot"": null, ""max_delta_step"": null, ""max_depth"": 4, ""max_leaves"": null, ""min_child_weight"": null, ""missing"": NaN, ""monotone_constraints"": null, ""multi_strategy"": null, ""n_estimators"": 220, ""n_jobs"": 4, ""num_parallel_tree"": null, ""random_state"": 42, ""reg_alpha"": null, ""reg_lambda"": null, ""sampling_method"": null, ""scale_pos_weight"": 11.282766990291263, ""subsample"": 0.85, ""tree_method"": ""hist"", ""validate_parameters"": null, ""verbosity"": null}",none,0.6951573515182233,0.7459270090961442,0.18504567692773954,0.8065672768446877,0.6852867413476007,0.3010283138470207,0.8199249059399554,0.2842719744351913,0.18807215347915066,0.5428521212088119,4274,40987,18823,1025,4.749639299989212
baseline__lightgbm_none__no_temporal_proxies__most_frequent__default__none,lightgbm_none,lightgbm,no_temporal_proxies,13,CPU,BMI training median; categorical training most frequent,nominal one-hot; ordinals one-hot,none,"{""boosting_type"": ""gbdt"", ""class_weight"": null, ""colsample_bytree"": 1.0, ""importance_type"": ""split"", ""learning_rate"": 0.08, ""max_depth"": -1, ""min_child_samples"": 60, ""min_child_weight"": 0.001, ""min_split_gain"": 0.0, ""n_estimators"": 220, ""n_jobs"": 4, ""num_leaves"": 15, ""objective"": null, ""random_state"": 42, ""reg_alpha"": 0.0, ""reg_lambda"": 0.0, ""subsample"": 1.0, ""subsample_for_bin"": 200000, ""subsample_freq"": 0, ""verbosity"": -1, ""deterministic"": true, ""force_col_wise"": true}",none,0.9187209141593328,0.5110662139866133,0.5140562248995983,0.024155501037931685,0.997976926935295,0.046142754145638065,0.8195732150993715,0.2821884121877959,0.06568067614062362,0.22904396714302072,128,59689,121,5171,5.430770700011635
baseline__lightgbm_balanced__no_temporal_proxies__most_frequent__default__none,lightgbm_balanced,lightgbm,no_temporal_proxies,13,CPU,BMI training median; categorical training most frequent,nominal one-hot; ordinals one-hot,balanced,"{""boosting_type"": ""gbdt"", ""class_weight"": ""balanced"", ""colsample_bytree"": 1.0, ""importance_type"": ""split"", ""learning_rate"": 0.08, ""max_depth"": -1, ""min_child_samples"": 60, ""min_child_weight"": 0.001, ""min_split_gain"": 0.0, ""n_estimators"": 220, ""n_jobs"": 4, ""num_leaves"": 15, ""objective"": null, ""random_state"": 42, ""reg_alpha"": 0.0, ""reg_lambda"": 0.0, ""subsample"": 1.0, ""subsample_for_bin"": 200000, ""subsample_freq"": 0, ""verbosity"": -1, ""deterministic"": true, ""force_col_wise"": true}",none,0.6914405074567264,0.7451079027097162,0.183506654683956,0.8092092847707114,0.6810065206487209,0.2991697481336775,0.81914878337608,0.28220221604805606,0.18906574954796423,0.5430916148613179,4288,40731,19079,1011,5.45180910002091
gpu_baseline__catboost_native__no_temporal_proxies__most_frequent__default__none,catboost_native,catboost,no_temporal_proxies,13,GPU,BMI training median; categorical explicit Missing,native categorical strings,none,"{""depth"": 6, ""device"": ""CPU"", ""iterations"": 220, ""learning_rate"": 0.08, ""weighted"": false}",none,0.918797708458124,0.5147199130517066,0.5182926829268293,0.03208152481600302,0.9973583012874101,0.06042296072507553,0.8216732523343484,0.2866812942303808,0.06547566539661823,0.22813375207762515,170,59652,158,5129,20.480896900000516
gpu_baseline__catboost_native_balanced__no_temporal_proxies__most_frequent__default__none,catboost_native_balanced,catboost,no_temporal_proxies,13,GPU,BMI training median; categorical explicit Missing,native categorical strings,balanced,"{""depth"": 6, ""device"": ""CPU"", ""iterations"": 220, ""learning_rate"": 0.08, ""weighted"": true}",none,0.6942665376522447,0.74681810226313,0.18501746668391772,0.8095867144744291,0.6840494900518308,0.30120058976339253,0.8216249771757891,0.28679402890502553,0.18718861969974987,0.5392223430424888,4290,40913,18897,1009,21.18730819999473
gpu_baseline__catboost_onehot__no_temporal_proxies__most_frequent__default__none,catboost_onehot,catboost,no_temporal_proxies,13,GPU,BMI training median; categorical training most frequent,nominal one-hot; ordinals one-hot,none,"{""iterations"": 220, ""learning_rate"": 0.08, ""depth"": 6, ""thread_count"": 4, ""random_seed"": 42, ""verbose"": false, ""allow_writing_files"": false}",none,0.918490531262959,0.5133487502523797,0.4875,0.029439516889979242,0.9972579836147801,0.055525894287239724,0.8203191514905713,0.28306165528895433,0.06559837524807688,0.22878721985554928,156,59646,164,5143,5.9562541999912355
baseline__hist_gradient_boosting_balanced__full_features__most_frequent__default__none,hist_gradient_boosting_balanced,hist_gradient_boosting,full_features,16,CPU,BMI training median; categorical training most frequent,nominal one-hot; ordinals one-hot,balanced,"{""categorical_features"": ""from_dtype"", ""class_weight"": ""balanced"", ""early_stopping"": false, ""interaction_cst"": null, ""l2_regularization"": 2, ""learning_rate"": 0.08, ""loss"": ""log_loss"", ""max_bins"": 255, ""max_depth"": null, ""max_features"": 1.0, ""max_iter"": 180, ""max_leaf_nodes"": 15, ""min_samples_leaf"": 20, ""monotonic_cst"": null, ""n_iter_no_change"": 10, ""random_state"": 42, ""scoring"": ""loss"", ""tol"": 1e-07, ""validation_fraction"": 0.1, ""verbose"": 0, ""warm_start"": false}",none,0.7178423873811608,0.7636062950680552,0.199411331861663,0.8182675976599358,0.7089449924761746,0.3206744813815035,0.8406929296360535,0.33060813113091275,0.1770975636591298,0.516053835886131,4336,42402,17408,963,35.18923399999039
baseline__hist_gradient_boosting_balanced__core_features__most_frequent__default__none,hist_gradient_boosting_balanced,hist_gradient_boosting,core_features,11,CPU,BMI training median; categorical training most frequent,nominal one-hot; ordinals one-hot,balanced,"{""categorical_features"": ""from_dtype"", ""class_weight"": ""balanced"", ""early_stopping"": false, ""interaction_cst"": null, ""l2_regularization"": 2, ""learning_rate"": 0.08, ""loss"": ""log_loss"", ""max_bins"": 255, ""max_depth"": null, ""max_features"": 1.0, ""max_iter"": 180, ""max_leaf_nodes"": 15, ""min_samples_leaf"": 20, ""monotonic_cst"": null, ""n_iter_no_change"": 10, ""random_state"": 42, ""scoring"": ""loss"", ""tol"": 1e-07, ""validation_fraction"": 0.1, ""verbose"": 0, ""warm_start"": false}",none,0.6876622279561966,0.7436533737599398,0.18178355271511407,0.8105302887337233,0.6767764587861561,0.2969646684643573,0.8162180032327948,0.27671156934874863,0.19075347498472253,0.5477342898259806,4295,40478,19332,1004,24.30901530000847
baseline__hist_gradient_boosting_balanced__no_socioeconomic__most_frequent__default__none,hist_gradient_boosting_balanced,hist_gradient_boosting,no_socioeconomic,14,CPU,BMI training median; categorical training most frequent,nominal one-hot; ordinals one-hot,balanced,"{""categorical_features"": ""from_dtype"", ""class_weight"": ""balanced"", ""early_stopping"": false, ""interaction_cst"": null, ""l2_regularization"": 2, ""learning_rate"": 0.08, ""loss"": ""log_loss"", ""max_bins"": 255, ""max_depth"": null, ""max_features"": 1.0, ""max_iter"": 180, ""max_leaf_nodes"": 15, ""min_samples_leaf"": 20, ""monotonic_cst"": null, ""n_iter_no_change"": 10, ""random_state"": 42, ""scoring"": ""loss"", ""tol"": 1e-07, ""validation_fraction"": 0.1, ""verbose"": 0, ""warm_start"": false}",none,0.7175505690457541,0.7630174706536731,0.19909897485404313,0.8173240234006416,0.7087109179067046,0.3201981369214845,0.840001788705058,0.3294866209997983,0.17737693036519006,0.5170406040041591,4331,42388,17422,968,24.18915819999529
baseline__hist_gradient_boosting_balanced__no_temporal_proxies__most_frequent__default__none,hist_gradient_boosting_balanced,hist_gradient_boosting,no_temporal_proxies,13,CPU,BMI training median; categorical training most frequent,nominal one-hot; ordinals one-hot,balanced,"{""categorical_features"": ""from_dtype"", ""class_weight"": ""balanced"", ""early_stopping"": false, ""interaction_cst"": null, ""l2_regularization"": 2, ""learning_rate"": 0.08, ""loss"": ""log_loss"", ""max_bins"": 255, ""max_depth"": null, ""max_features"": 1.0, ""max_iter"": 180, ""max_leaf_nodes"": 15, ""min_samples_leaf"": 20, ""monotonic_cst"": null, ""n_iter_no_change"": 10, ""random_state"": 42, ""scoring"": ""loss"", ""tol"": 1e-07, ""validation_fraction"": 0.1, ""verbose"": 0, ""warm_start"": false}",none,0.6906879233285721,0.7459882365112975,0.18352810713981063,0.8120400075485941,0.679936465474001,0.299391198469299,0.8195808839080564,0.281122481734161,0.18942600208005628,0.5439350543160852,4303,40667,19143,996,28.947193599975435
