feature_set,experiment_id,method,selected,accuracy,balanced_accuracy,precision,recall,specificity,f1,roc_auc,pr_auc,brier,log_loss,ece,TP,TN,FP,FN,threshold,rows,positive_count,positive_prevalence
full_features,gpu_baseline__catboost_native_balanced__full_features__most_frequent__default__none,none,False,0.7227572225038014,0.7640454948880551,0.20166573086281114,0.813361011511606,0.7147299782645042,0.32319748040943347,0.842530712860966,0.33882878114281156,0.17500279665360233,0.51156188222308,0.2728752595155504,4310,42748,17062,989,0.5,65109,5299,0.08138659785897495
full_features,calibrated__catboost_native_balanced__full_features__explicit_missing__default__sigmoid,sigmoid,False,0.9191356033728056,0.5039821310604926,0.8269230769230769,0.008114738629930176,0.999849523491055,0.01607176228742291,0.842530712860966,0.33882878114281156,0.06347054605132357,0.2201661309900573,0.011702934310846774,43,59801,9,5256,0.5,65109,5299,0.08138659785897495
full_features,calibrated__catboost_native_balanced__full_features__explicit_missing__default__isotonic,isotonic,True,0.9199649817997512,0.5396925847368652,0.5537897310513448,0.0854878278920551,0.9938973415816753,0.14811181951937225,0.8421811612725068,0.3273574794029527,0.06311595698365467,0.22074633630396498,0.0073151440033896765,453,59445,365,4846,0.5,65109,5299,0.08138659785897495
core_features,tuned__catboost_native_tuned__core_features__most_frequent__default__none,none,True,0.9189052204764319,0.5118545126182588,0.5375494071146245,0.025665219852802415,0.9980438053837151,0.04899135446685879,0.8186856747316367,0.28382405294570423,0.06563512874287726,0.2292483047134142,0.0047253762902394235,136,59693,117,5163,0.5,65109,5299,0.08138659785897495
core_features,calibrated__catboost_native_tuned__core_features__explicit_missing__default__sigmoid,sigmoid,False,0.9153880415917922,0.5460591173805431,0.4205748865355522,0.10492545763351575,0.9871927771275706,0.1679504606554901,0.8186856747316367,0.28382405294570423,0.06734759777783253,0.23827401892526257,0.01373133032020615,556,59044,766,4743,0.5,65109,5299,0.08138659785897495
core_features,calibrated__catboost_native_tuned__core_features__explicit_missing__default__isotonic,isotonic,False,0.9186748375800581,0.5150830227026711,0.5057803468208093,0.03302509907529723,0.9971409463300451,0.06200177147918512,0.8183837057267496,0.27344232782846617,0.06573113725726781,0.23039262217855028,0.006310757738257386,175,59639,171,5124,0.5,65109,5299,0.08138659785897495
no_socioeconomic,gpu_baseline__catboost_native__no_socioeconomic__most_frequent__default__none,none,True,0.9203796710132239,0.5404342852195443,0.5716064757160647,0.08662011700320815,0.9942484534358803,0.1504424778761062,0.8419577167036372,0.3393608424682351,0.06298542080782658,0.21870608864724805,0.005451632211259926,459,59466,344,4840,0.5,65109,5299,0.08138659785897495
no_socioeconomic,calibrated__catboost_native__no_socioeconomic__explicit_missing__default__sigmoid,sigmoid,False,0.9174154110798814,0.5739938691810725,0.4785005512679162,0.16380449141347425,0.9841832469486708,0.24406017151694082,0.8419577167036372,0.3393608424682351,0.06473709120312962,0.22889480353103972,0.01644873398980273,868,58864,946,4431,0.5,65109,5299,0.08138659785897495
no_socioeconomic,calibrated__catboost_native__no_socioeconomic__explicit_missing__default__isotonic,isotonic,False,0.9203643121534657,0.5379319944370611,0.5764075067024129,0.08114738629930175,0.9947166025748203,0.14226633581472292,0.8415641542622911,0.326347381756545,0.06313297460127457,0.22059799357946136,0.007340692624802361,430,59494,316,4869,0.5,65109,5299,0.08138659785897495
no_temporal_proxies,tuned__catboost_native_tuned__no_temporal_proxies__most_frequent__default__none,none,True,0.9188591438971571,0.5136353832175166,0.5268456375838926,0.029628231741838082,0.9976425346931951,0.05610148293728783,0.8214068491848392,0.28770784069250316,0.06541547254153342,0.2281908135256105,0.00496783467196179,157,59669,141,5142,0.5,65109,5299,0.08138659785897495
no_temporal_proxies,calibrated__catboost_native_tuned__no_temporal_proxies__explicit_missing__default__sigmoid,sigmoid,False,0.9158948839638146,0.5496888981554756,0.4352596927578639,0.11228533685601057,0.9870924594549406,0.1785178517851785,0.8214068491848392,0.28770784069250316,0.06713449129394371,0.237440543532003,0.014243422598290159,595,59038,772,4704,0.5,65109,5299,0.08138659785897495
no_temporal_proxies,calibrated__catboost_native_tuned__no_temporal_proxies__explicit_missing__default__isotonic,isotonic,False,0.9187055552995745,0.5136377827768686,0.5096774193548387,0.029816946593696925,0.9974586189600402,0.056338028169014086,0.820982316493896,0.2778763357782771,0.06555686330869909,0.23042814045112323,0.006296266309142292,158,59658,152,5141,0.5,65109,5299,0.08138659785897495
