feature,permutation_AP_decrease,permutation_std
age_group,0.0772448419290211,0.005858810393575287
general_health,0.0768434574075737,0.011009562935840517
stroke_history,0.0483200364828292,0.007918421018510018
sex,0.041310535983653064,0.0027304166047394146
high_cholesterol,0.024392176018785,0.009285037720511499
high_blood_pressure,0.023421187728646136,0.004307012182105048
smoking_status,0.018082448400194035,0.003918051871107759
diabetes,0.009983361526188986,0.002911905870956675
asthma,0.0038851174700405,0.0032099508826295368
kidney_disease,4.595390337460333e-05,0.0022905744492744875
physical_activity,-0.0009619068521436273,0.0022403851702288867
alcohol_use,-0.0030150565503714497,0.0031096179660735396
bmi,-0.007716061873951703,0.006674429962806066
difficulty_walking,-0.013263548231918628,0.003852744658768035
