transformed_feature,feature,category_label,coefficient,notes
bmi__bmi,bmi,per training BMI standard deviation,-0.02370772488014699,"Regularized full one-hot associations, not causal effects or unadjusted odds ratios; all levels retained."
categories__age_group_1.0,age_group,18-24,-1.2730825556607783,"Regularized full one-hot associations, not causal effects or unadjusted odds ratios; all levels retained."
categories__age_group_2.0,age_group,25-29,-1.162056850761394,"Regularized full one-hot associations, not causal effects or unadjusted odds ratios; all levels retained."
categories__age_group_3.0,age_group,30-34,-1.0150056496565592,"Regularized full one-hot associations, not causal effects or unadjusted odds ratios; all levels retained."
categories__age_group_4.0,age_group,35-39,-0.8284349243322986,"Regularized full one-hot associations, not causal effects or unadjusted odds ratios; all levels retained."
categories__age_group_5.0,age_group,40-44,-0.6510475838440648,"Regularized full one-hot associations, not causal effects or unadjusted odds ratios; all levels retained."
categories__age_group_6.0,age_group,45-49,-0.2627040110839672,"Regularized full one-hot associations, not causal effects or unadjusted odds ratios; all levels retained."
categories__age_group_7.0,age_group,50-54,0.01797413968144066,"Regularized full one-hot associations, not causal effects or unadjusted odds ratios; all levels retained."
categories__age_group_8.0,age_group,55-59,0.26010679898571515,"Regularized full one-hot associations, not causal effects or unadjusted odds ratios; all levels retained."
categories__age_group_9.0,age_group,60-64,0.4651629233475852,"Regularized full one-hot associations, not causal effects or unadjusted odds ratios; all levels retained."
categories__age_group_10.0,age_group,65-69,0.6645233030167075,"Regularized full one-hot associations, not causal effects or unadjusted odds ratios; all levels retained."
categories__age_group_11.0,age_group,70-74,0.9436712946741532,"Regularized full one-hot associations, not causal effects or unadjusted odds ratios; all levels retained."
categories__age_group_12.0,age_group,75-79,1.145328563767981,"Regularized full one-hot associations, not causal effects or unadjusted odds ratios; all levels retained."
categories__age_group_13.0,age_group,80 or older,1.4175189923782954,"Regularized full one-hot associations, not causal effects or unadjusted odds ratios; all levels retained."
categories__sex_1.0,sex,Male,0.23720847308514662,"Regularized full one-hot associations, not causal effects or unadjusted odds ratios; all levels retained."
categories__sex_2.0,sex,Female,-0.51525403257238,"Regularized full one-hot associations, not causal effects or unadjusted odds ratios; all levels retained."
categories__general_health_1.0,general_health,Excellent,-0.8793939393821978,"Regularized full one-hot associations, not causal effects or unadjusted odds ratios; all levels retained."
categories__general_health_2.0,general_health,Very good,-0.5156872159260929,"Regularized full one-hot associations, not causal effects or unadjusted odds ratios; all levels retained."
categories__general_health_3.0,general_health,Good,-0.10272307217123776,"Regularized full one-hot associations, not causal effects or unadjusted odds ratios; all levels retained."
categories__general_health_4.0,general_health,Fair,0.39174669516403954,"Regularized full one-hot associations, not causal effects or unadjusted odds ratios; all levels retained."
categories__general_health_5.0,general_health,Poor,0.8280119728284095,"Regularized full one-hot associations, not causal effects or unadjusted odds ratios; all levels retained."
categories__physical_activity_0.0,physical_activity,No activity,-0.15675704552817643,"Regularized full one-hot associations, not causal effects or unadjusted odds ratios; all levels retained."
categories__physical_activity_1.0,physical_activity,Activity,-0.12128851395879638,"Regularized full one-hot associations, not causal effects or unadjusted odds ratios; all levels retained."
categories__smoking_status_1.0,smoking_status,"Current every day, at least 100 lifetime cigarettes",0.06751805296222943,"Regularized full one-hot associations, not causal effects or unadjusted odds ratios; all levels retained."
categories__smoking_status_2.0,smoking_status,"Current some days, at least 100 lifetime cigarettes",0.08846452266683535,"Regularized full one-hot associations, not causal effects or unadjusted odds ratios; all levels retained."
categories__smoking_status_3.0,smoking_status,"Former, at least 100 lifetime cigarettes",-0.07135172948193756,"Regularized full one-hot associations, not causal effects or unadjusted odds ratios; all levels retained."
categories__smoking_status_4.0,smoking_status,Fewer than 100 lifetime cigarettes,-0.3626764056342849,"Regularized full one-hot associations, not causal effects or unadjusted odds ratios; all levels retained."
categories__diabetes_1.0,diabetes,Yes,0.11740789724425418,"Regularized full one-hot associations, not causal effects or unadjusted odds ratios; all levels retained."
categories__diabetes_2.0,diabetes,Only during pregnancy,0.02880198428414182,"Regularized full one-hot associations, not causal effects or unadjusted odds ratios; all levels retained."
categories__diabetes_3.0,diabetes,No,-0.2361752954194133,"Regularized full one-hot associations, not causal effects or unadjusted odds ratios; all levels retained."
categories__diabetes_4.0,diabetes,Prediabetes/borderline,-0.1880801455958668,"Regularized full one-hot associations, not causal effects or unadjusted odds ratios; all levels retained."
categories__stroke_history_0.0,stroke_history,No,-0.6092828629820163,"Regularized full one-hot associations, not causal effects or unadjusted odds ratios; all levels retained."
categories__stroke_history_1.0,stroke_history,Yes,0.3312373034952865,"Regularized full one-hot associations, not causal effects or unadjusted odds ratios; all levels retained."
categories__kidney_disease_0.0,kidney_disease,No,-0.38056006736596526,"Regularized full one-hot associations, not causal effects or unadjusted odds ratios; all levels retained."
categories__kidney_disease_1.0,kidney_disease,Yes,0.10251450787922156,"Regularized full one-hot associations, not causal effects or unadjusted odds ratios; all levels retained."
categories__asthma_0.0,asthma,No,-0.2828671834356218,"Regularized full one-hot associations, not causal effects or unadjusted odds ratios; all levels retained."
categories__asthma_1.0,asthma,Yes,0.004821623948706063,"Regularized full one-hot associations, not causal effects or unadjusted odds ratios; all levels retained."
categories__difficulty_walking_0.0,difficulty_walking,No,-0.2673335489191204,"Regularized full one-hot associations, not causal effects or unadjusted odds ratios; all levels retained."
categories__difficulty_walking_1.0,difficulty_walking,Yes,-0.010712010567742286,"Regularized full one-hot associations, not causal effects or unadjusted odds ratios; all levels retained."
categories__high_cholesterol_0.0,high_cholesterol,No,-0.4247540909921866,"Regularized full one-hot associations, not causal effects or unadjusted odds ratios; all levels retained."
categories__high_cholesterol_1.0,high_cholesterol,Yes,0.14670853150514074,"Regularized full one-hot associations, not causal effects or unadjusted odds ratios; all levels retained."
categories__high_blood_pressure_0.0,high_blood_pressure,"No, includes pregnancy-only and borderline",-0.42311125452692494,"Regularized full one-hot associations, not causal effects or unadjusted odds ratios; all levels retained."
categories__high_blood_pressure_1.0,high_blood_pressure,Yes,0.14506569503982317,"Regularized full one-hot associations, not causal effects or unadjusted odds ratios; all levels retained."
categories__alcohol_use_0.0,alcohol_use,No,-0.06675923702853645,"Regularized full one-hot associations, not causal effects or unadjusted odds ratios; all levels retained."
categories__alcohol_use_1.0,alcohol_use,Yes,-0.21128632245872395,"Regularized full one-hot associations, not causal effects or unadjusted odds ratios; all levels retained."
categories__education_1.0,education,Did not graduate high school,-0.049363844235930474,"Regularized full one-hot associations, not causal effects or unadjusted odds ratios; all levels retained."
categories__education_2.0,education,Graduated high school,-0.06291663083838135,"Regularized full one-hot associations, not causal effects or unadjusted odds ratios; all levels retained."
categories__education_3.0,education,Attended college/technical school,-0.03515902556001219,"Regularized full one-hot associations, not causal effects or unadjusted odds ratios; all levels retained."
categories__education_4.0,education,Graduated college/technical school,-0.13060605885277018,"Regularized full one-hot associations, not causal effects or unadjusted odds ratios; all levels retained."
categories__income_group_1.0,income_group,"Household annual income below $15,000",0.04416796047689452,"Regularized full one-hot associations, not causal effects or unadjusted odds ratios; all levels retained."
categories__income_group_2.0,income_group,"$15,000 to below $25,000",0.047359090775047664,"Regularized full one-hot associations, not causal effects or unadjusted odds ratios; all levels retained."
categories__income_group_3.0,income_group,"$25,000 to below $35,000",0.019108832384768168,"Regularized full one-hot associations, not causal effects or unadjusted odds ratios; all levels retained."
categories__income_group_4.0,income_group,"$35,000 to below $50,000",-0.04633753499350741,"Regularized full one-hot associations, not causal effects or unadjusted odds ratios; all levels retained."
categories__income_group_5.0,income_group,"$50,000 to below $100,000",-0.06513367308193896,"Regularized full one-hot associations, not causal effects or unadjusted odds ratios; all levels retained."
categories__income_group_6.0,income_group,"$100,000 to below $200,000",-0.10458538110458306,"Regularized full one-hot associations, not causal effects or unadjusted odds ratios; all levels retained."
categories__income_group_7.0,income_group,"$200,000 or more",-0.17262485394387495,"Regularized full one-hot associations, not causal effects or unadjusted odds ratios; all levels retained."
