dataset,subgroup_feature,subgroup_value,unstable,stability_rule,accuracy,balanced_accuracy,precision,recall,specificity,f1,roc_auc,pr_auc,brier,log_loss,ece,TP,TN,FP,FN,threshold,rows,positive_count,positive_prevalence
validation,sex,1,False,Descriptive flag: n<200 or positives<30,0.8385629831741701,0.7317398538913094,0.3262704255701203,0.5986820428336079,0.8647976649490109,0.4223616922361692,0.8437831558914392,0.3792156797030336,0.0732442696746299,0.246499264041112,0.0078841364169243,1817,23999,3752,1218,0.2094393849113412,30786,3035,0.0985837718443448
validation,sex,2,False,Descriptive flag: n<200 or positives<30,0.8975614019753518,0.6652001328822069,0.2948885976408912,0.3975265017667844,0.9328737639976292,0.3386004514672686,0.8325274447058025,0.2803686255739461,0.0537837507552842,0.1937770120025638,0.0041730354773289,900,29907,2152,1364,0.2094393849113412,34323,2264,0.0659616000932319
validation,age_group,1,True,Descriptive flag: n<200 or positives<30,0.9949020660048296,0.5785428376767161,0.5,0.1578947368421052,0.9991909385113268,0.24,0.6978013399193778,0.1552469197528873,0.0046651918093653,0.0293679230586914,0.004256534738805,3,3705,3,16,0.2094393849113412,3727,19,0.0050979339951703
validation,age_group,2,False,Descriptive flag: n<200 or positives<30,0.9888888888888888,0.5769691215323646,0.4166666666666667,0.15625,0.9976882430647293,0.2272727272727272,0.770903855680317,0.1964412938189481,0.0093086458557536,0.0483108458676334,0.0026913750162171,5,3021,7,27,0.2094393849113412,3060,32,0.0104575163398692
validation,age_group,3,False,Descriptive flag: n<200 or positives<30,0.9862032369328736,0.5792482742263666,0.3043478260869565,0.1627906976744186,0.9957058507783144,0.2121212121212121,0.7618526008313673,0.1636603553068207,0.0104018457174674,0.0541994998106293,0.0033974959855246,7,3710,16,36,0.2094393849113412,3769,43,0.0114088617670469
validation,age_group,4,False,Descriptive flag: n<200 or positives<30,0.9827925270403146,0.54521337726019,0.1785714285714285,0.0961538461538461,0.9942729083665338,0.125,0.7921367414955561,0.1183153578285037,0.012094546827406,0.0591768323454294,0.0044981242023674,5,3993,23,47,0.2094393849113412,4068,52,0.0127826941986234
validation,age_group,5,False,Descriptive flag: n<200 or positives<30,0.9720065866854858,0.6011232264844981,0.3387096774193548,0.2121212121212121,0.9901252408477842,0.2608695652173913,0.8549901714641599,0.2354969410948928,0.0200328328741391,0.0852548272680347,0.0045719642624862,21,4111,41,78,0.2094393849113412,4251,99,0.023288637967537
validation,age_group,6,False,Descriptive flag: n<200 or positives<30,0.9570492598883766,0.6020386717108028,0.3820224719101123,0.2179487179487179,0.9861286254728878,0.2775510204081632,0.8223534452096872,0.2275729669812371,0.0325658808083491,0.1317112547321626,0.0090526785103811,34,3910,55,122,0.2094393849113412,4121,156,0.0378548895899053
validation,age_group,7,False,Descriptive flag: n<200 or positives<30,0.9290183809151348,0.6192911184210527,0.2749003984063745,0.276,0.9625822368421052,0.2754491017964072,0.8048770559210526,0.2273385162821274,0.0422494744098564,0.1635027445913137,0.0043974694302282,69,4682,182,181,0.2094393849113412,5114,250,0.0488854125928822
validation,age_group,8,False,Descriptive flag: n<200 or positives<30,0.8941973592772758,0.6510974745584435,0.2734375,0.3713527851458886,0.9308421639709984,0.3149606299212598,0.8092912658176038,0.2531973227793848,0.0548309636754528,0.2011531450157801,0.0108360459182349,140,5007,372,237,0.2094393849113412,5756,377,0.065496872828353
validation,age_group,9,False,Descriptive flag: n<200 or positives<30,0.8584777694046722,0.671975976066085,0.3035509736540664,0.4446308724832215,0.8993210796489485,0.360789652825051,0.7905293444956774,0.3231313335128629,0.0714251361959768,0.2527643411030914,0.008291619971674,265,5431,608,331,0.2094393849113412,6635,596,0.0898266767143933
validation,age_group,10,False,Descriptive flag: n<200 or positives<30,0.810020272227049,0.6620931992203243,0.2958860759493671,0.4698492462311557,0.8543371522094927,0.3631067961165048,0.7670101736176793,0.3211603755960988,0.0905015027365875,0.3082766701137032,0.0083879007637372,374,5220,890,422,0.2094393849113412,6906,796,0.1152620909354184
validation,age_group,11,False,Descriptive flag: n<200 or positives<30,0.7702581032412965,0.6920250142507091,0.3281990521327014,0.5825446898002103,0.8015053387012078,0.4198560060629026,0.7621837810457931,0.3601544270704896,0.107350422229984,0.3538387676245583,0.0116612383131874,554,4579,1134,397,0.2094393849113412,6664,951,0.1427070828331332
validation,age_group,12,False,Descriptive flag: n<200 or positives<30,0.7176317501626546,0.6864253294928864,0.3324572930354796,0.6388888888888888,0.733961770096884,0.4373379429559205,0.7464354529849424,0.407614154425373,0.1240891266356255,0.4003987041809638,0.0146365415743117,506,2803,1016,286,0.2094393849113412,4611,792,0.1717631750162654
validation,age_group,13,False,Descriptive flag: n<200 or positives<30,0.6426646130150173,0.6544018963385183,0.3208988764044944,0.6742209631728046,0.6345828295042322,0.4348355663824604,0.7117463829923281,0.3891153012772187,0.1469115676815473,0.4583518444656286,0.0097271042564467,714,2624,1511,345,0.2094393849113412,5194,1059,0.2038891028109357
validation,age_group,missing,False,Descriptive flag: n<200 or positives<30,0.916463909164639,0.6099739360985035,0.303030303030303,0.2597402597402597,0.9602076124567474,0.2797202797202797,0.7850795398373253,0.2238122897469665,0.0535933025303677,0.2005673882772376,0.0081049163973528,20,1110,46,57,0.2094393849113412,1233,77,0.0624493106244931
test,sex,1,False,Descriptive flag: n<200 or positives<30,0.8355053104841337,0.7300784964798893,0.3274398868458274,0.5979980626412658,0.8621589303185129,0.4231691991317263,0.8443305779248677,0.37602735607503535,0.0746937892915127,0.24991699350960594,0.006494936041971118,1852,23793,3804,1245,0.20943938491134126,30694,3097,0.10089919854043135
test,sex,2,False,Descriptive flag: n<200 or positives<30,0.9009995931888185,0.6673192520373497,0.2965587044534413,0.3993639254884144,0.935274578586285,0.3403678606001936,0.8403242710348047,0.29751801741663647,0.05170084427533598,0.18667768898799214,0.005254108455978612,879,30128,2085,1322,0.20943938491134126,34414,2201,0.06395652931946301
test,age_group,1,True,Descriptive flag: n<200 or positives<30,0.9965753424657534,0.5383293682262754,0.5,0.07692307692307693,0.999735659529474,0.13333333333333333,0.7211004697126823,0.1024608748860985,0.0033687227014825055,0.02296173852932971,0.005538337474015508,1,3782,1,12,0.20943938491134126,3796,13,0.003424657534246575
test,age_group,2,True,Descriptive flag: n<200 or positives<30,0.9914176732358551,0.4993595901376881,0.0,0.0,0.9987191802753762,0.0,0.6554177282156233,0.025486878494863974,0.007378484425539058,0.04235388508397549,0.003128628478240517,0,3119,4,23,0.20943938491134126,3146,23,0.007310870947234584
test,age_group,3,False,Descriptive flag: n<200 or positives<30,0.9857488572196828,0.5318363273453094,0.21428571428571427,0.06666666666666667,0.9970059880239521,0.1016949152542373,0.784606544486784,0.10993032823133884,0.01143017194243811,0.055907199301651896,0.001102175079886589,3,3663,11,42,0.20943938491134126,3719,45,0.012100026888948642
test,age_group,4,False,Descriptive flag: n<200 or positives<30,0.9821176470588235,0.5496771879483501,0.3181818181818182,0.10294117647058823,0.996413199426112,0.15555555555555556,0.795928629701522,0.15275316868325614,0.014668283961884455,0.06978111015237717,0.0012426280304968893,7,4167,15,61,0.20943938491134126,4250,68,0.016
test,age_group,5,False,Descriptive flag: n<200 or positives<30,0.9711981566820277,0.579198172652804,0.33962264150943394,0.16666666666666666,0.9917296786389413,0.2236024844720497,0.8078692764125184,0.22720090133361417,0.021582058150897143,0.09415848832358995,0.0027273031610236236,18,4197,35,90,0.20943938491134126,4340,108,0.02488479262672811
test,age_group,6,False,Descriptive flag: n<200 or positives<30,0.9648336086853906,0.5888459870370817,0.3108108108108108,0.19008264462809918,0.9876093294460642,0.2358974358974359,0.8533268679372575,0.20877042378317467,0.024969233105649816,0.10237733765651608,0.0020762599900414932,23,4065,51,98,0.20943938491134126,4237,121,0.028557941940051925
test,age_group,7,False,Descriptive flag: n<200 or positives<30,0.9298701298701298,0.6368498484546802,0.29844961240310075,0.3117408906882591,0.9619588062211013,0.30495049504950494,0.8346262761375259,0.24074314087146345,0.041626719077773267,0.15781844545401144,0.006728711350940309,77,4577,181,170,0.20943938491134126,5005,247,0.04935064935064935
test,age_group,8,False,Descriptive flag: n<200 or positives<30,0.8879668049792531,0.6706210002257351,0.3079710144927536,0.4156479217603912,0.9255940786910791,0.3537981269510926,0.8130736839498507,0.30828661685459025,0.0591844011701391,0.21419187502271939,0.008552591566423209,170,4752,382,239,0.20943938491134126,5543,409,0.07378675807324553
test,age_group,9,False,Descriptive flag: n<200 or positives<30,0.8544446110028482,0.6665107973742019,0.3163841807909605,0.43343653250773995,0.8995850622406639,0.36577400391900716,0.7879511324075383,0.3139344045444307,0.07657479369879339,0.26712713461389315,0.009613588562511247,280,5420,605,366,0.20943938491134126,6671,646,0.09683705591365613
test,age_group,10,False,Descriptive flag: n<200 or positives<30,0.8221544715447154,0.6914173221562664,0.32301587301587303,0.5224646983311938,0.860369945981339,0.39921530161844043,0.7925491777425548,0.3573436297326831,0.08609886227422978,0.2930459101365735,0.011632918205754026,407,5256,853,372,0.20943938491134126,6888,779,0.1130952380952381
test,age_group,11,False,Descriptive flag: n<200 or positives<30,0.7630816170861937,0.6833521123260726,0.31020166073546857,0.5728368017524644,0.7938674228996809,0.4024624855713736,0.7606372446053753,0.36646696487515623,0.10525819462196884,0.3487966646495448,0.01655141530262313,523,4479,1163,390,0.20943938491134126,6555,913,0.1392829900839054
test,age_group,12,False,Descriptive flag: n<200 or positives<30,0.7144126138130136,0.6736980825141907,0.32488005483207677,0.6116129032258064,0.7357832618025751,0.4243509400179051,0.7402087082929532,0.3845434630393477,0.1258224157668764,0.40422312982859643,0.014951909904815677,474,2743,985,301,0.20943938491134126,4503,775,0.17210748389962247
test,age_group,13,False,Descriptive flag: n<200 or positives<30,0.639924670433145,0.6513304620991793,0.3145869947275923,0.6704119850187266,0.6322489391796322,0.42822966507177035,0.7149371939601665,0.3908708271629544,0.14511422343137584,0.45405154858134866,0.017012351253218056,716,2682,1560,352,0.20943938491134126,5310,1068,0.20112994350282487
test,age_group,missing,False,Descriptive flag: n<200 or positives<30,0.9179039301310044,0.6725262632450707,0.4266666666666667,0.3855421686746988,0.9595103578154426,0.4050632911392405,0.8342182288475937,0.3688970262022205,0.05606222143783782,0.20324546219951176,0.01181217283117268,32,1019,43,51,0.20943938491134126,1145,83,0.07248908296943231
