test_id,profile_name,profile_json,http_status,actual_score,actual_classification,threshold_profile,status,notes
SYN-001,Young healthy profile,"{""age_group"": 1, ""sex"": 2, ""bmi"": 22, ""general_health"": 1, ""physical_activity"": 1, ""smoking_status"": 4, ""diabetes"": 3, ""stroke_history"": 0, ""kidney_disease"": 0, ""asthma"": 0, ""difficulty_walking"": 0, ""high_cholesterol"": 0, ""high_blood_pressure"": 0, ""alcohol_use"": 0}",200,0.002504,lower_model_association,research_balanced,REVIEW,Synthetic behavior observation; qualitative review pending.
SYN-002,Older high-association profile,"{""age_group"": 11, ""sex"": 1, ""bmi"": 34, ""general_health"": 5, ""physical_activity"": 0, ""smoking_status"": 1, ""diabetes"": 1, ""stroke_history"": 1, ""kidney_disease"": 1, ""asthma"": 1, ""difficulty_walking"": 1, ""high_cholesterol"": 1, ""high_blood_pressure"": 1, ""alcohol_use"": 0}",200,0.831258,elevated_model_association,research_balanced,REVIEW,Synthetic behavior observation; qualitative review pending.
SYN-003,age_group=1,"{""age_group"": 1, ""sex"": 2, ""bmi"": 22, ""general_health"": 1, ""physical_activity"": 1, ""smoking_status"": 4, ""diabetes"": 3, ""stroke_history"": 0, ""kidney_disease"": 0, ""asthma"": 0, ""difficulty_walking"": 0, ""high_cholesterol"": 0, ""high_blood_pressure"": 0, ""alcohol_use"": 0}",200,0.002504,lower_model_association,research_balanced,REVIEW,Synthetic behavior observation; qualitative review pending.
SYN-004,age_group=2,"{""age_group"": 2, ""sex"": 2, ""bmi"": 22, ""general_health"": 1, ""physical_activity"": 1, ""smoking_status"": 4, ""diabetes"": 3, ""stroke_history"": 0, ""kidney_disease"": 0, ""asthma"": 0, ""difficulty_walking"": 0, ""high_cholesterol"": 0, ""high_blood_pressure"": 0, ""alcohol_use"": 0}",200,0.002504,lower_model_association,research_balanced,REVIEW,Synthetic behavior observation; qualitative review pending.
SYN-005,age_group=3,"{""age_group"": 3, ""sex"": 2, ""bmi"": 22, ""general_health"": 1, ""physical_activity"": 1, ""smoking_status"": 4, ""diabetes"": 3, ""stroke_history"": 0, ""kidney_disease"": 0, ""asthma"": 0, ""difficulty_walking"": 0, ""high_cholesterol"": 0, ""high_blood_pressure"": 0, ""alcohol_use"": 0}",200,0.002504,lower_model_association,research_balanced,REVIEW,Synthetic behavior observation; qualitative review pending.
SYN-006,age_group=4,"{""age_group"": 4, ""sex"": 2, ""bmi"": 22, ""general_health"": 1, ""physical_activity"": 1, ""smoking_status"": 4, ""diabetes"": 3, ""stroke_history"": 0, ""kidney_disease"": 0, ""asthma"": 0, ""difficulty_walking"": 0, ""high_cholesterol"": 0, ""high_blood_pressure"": 0, ""alcohol_use"": 0}",200,0.002504,lower_model_association,research_balanced,REVIEW,Synthetic behavior observation; qualitative review pending.
SYN-007,age_group=5,"{""age_group"": 5, ""sex"": 2, ""bmi"": 22, ""general_health"": 1, ""physical_activity"": 1, ""smoking_status"": 4, ""diabetes"": 3, ""stroke_history"": 0, ""kidney_disease"": 0, ""asthma"": 0, ""difficulty_walking"": 0, ""high_cholesterol"": 0, ""high_blood_pressure"": 0, ""alcohol_use"": 0}",200,0.00253,lower_model_association,research_balanced,REVIEW,Synthetic behavior observation; qualitative review pending.
SYN-008,age_group=6,"{""age_group"": 6, ""sex"": 2, ""bmi"": 22, ""general_health"": 1, ""physical_activity"": 1, ""smoking_status"": 4, ""diabetes"": 3, ""stroke_history"": 0, ""kidney_disease"": 0, ""asthma"": 0, ""difficulty_walking"": 0, ""high_cholesterol"": 0, ""high_blood_pressure"": 0, ""alcohol_use"": 0}",200,0.002523,lower_model_association,research_balanced,REVIEW,Synthetic behavior observation; qualitative review pending.
SYN-009,age_group=7,"{""age_group"": 7, ""sex"": 2, ""bmi"": 22, ""general_health"": 1, ""physical_activity"": 1, ""smoking_status"": 4, ""diabetes"": 3, ""stroke_history"": 0, ""kidney_disease"": 0, ""asthma"": 0, ""difficulty_walking"": 0, ""high_cholesterol"": 0, ""high_blood_pressure"": 0, ""alcohol_use"": 0}",200,0.00409,lower_model_association,research_balanced,REVIEW,Synthetic behavior observation; qualitative review pending.
SYN-010,age_group=8,"{""age_group"": 8, ""sex"": 2, ""bmi"": 22, ""general_health"": 1, ""physical_activity"": 1, ""smoking_status"": 4, ""diabetes"": 3, ""stroke_history"": 0, ""kidney_disease"": 0, ""asthma"": 0, ""difficulty_walking"": 0, ""high_cholesterol"": 0, ""high_blood_pressure"": 0, ""alcohol_use"": 0}",200,0.005585,lower_model_association,research_balanced,REVIEW,Synthetic behavior observation; qualitative review pending.
SYN-011,age_group=9,"{""age_group"": 9, ""sex"": 2, ""bmi"": 22, ""general_health"": 1, ""physical_activity"": 1, ""smoking_status"": 4, ""diabetes"": 3, ""stroke_history"": 0, ""kidney_disease"": 0, ""asthma"": 0, ""difficulty_walking"": 0, ""high_cholesterol"": 0, ""high_blood_pressure"": 0, ""alcohol_use"": 0}",200,0.006007,lower_model_association,research_balanced,REVIEW,Synthetic behavior observation; qualitative review pending.
SYN-012,age_group=10,"{""age_group"": 10, ""sex"": 2, ""bmi"": 22, ""general_health"": 1, ""physical_activity"": 1, ""smoking_status"": 4, ""diabetes"": 3, ""stroke_history"": 0, ""kidney_disease"": 0, ""asthma"": 0, ""difficulty_walking"": 0, ""high_cholesterol"": 0, ""high_blood_pressure"": 0, ""alcohol_use"": 0}",200,0.008693,lower_model_association,research_balanced,REVIEW,Synthetic behavior observation; qualitative review pending.
SYN-013,age_group=11,"{""age_group"": 11, ""sex"": 2, ""bmi"": 22, ""general_health"": 1, ""physical_activity"": 1, ""smoking_status"": 4, ""diabetes"": 3, ""stroke_history"": 0, ""kidney_disease"": 0, ""asthma"": 0, ""difficulty_walking"": 0, ""high_cholesterol"": 0, ""high_blood_pressure"": 0, ""alcohol_use"": 0}",200,0.013671,lower_model_association,research_balanced,REVIEW,Synthetic behavior observation; qualitative review pending.
SYN-014,age_group=12,"{""age_group"": 12, ""sex"": 2, ""bmi"": 22, ""general_health"": 1, ""physical_activity"": 1, ""smoking_status"": 4, ""diabetes"": 3, ""stroke_history"": 0, ""kidney_disease"": 0, ""asthma"": 0, ""difficulty_walking"": 0, ""high_cholesterol"": 0, ""high_blood_pressure"": 0, ""alcohol_use"": 0}",200,0.019995,lower_model_association,research_balanced,REVIEW,Synthetic behavior observation; qualitative review pending.
SYN-015,age_group=13,"{""age_group"": 13, ""sex"": 2, ""bmi"": 22, ""general_health"": 1, ""physical_activity"": 1, ""smoking_status"": 4, ""diabetes"": 3, ""stroke_history"": 0, ""kidney_disease"": 0, ""asthma"": 0, ""difficulty_walking"": 0, ""high_cholesterol"": 0, ""high_blood_pressure"": 0, ""alcohol_use"": 0}",200,0.034408,lower_model_association,research_balanced,REVIEW,Synthetic behavior observation; qualitative review pending.
SYN-016,sex=1,"{""age_group"": 1, ""sex"": 1, ""bmi"": 22, ""general_health"": 1, ""physical_activity"": 1, ""smoking_status"": 4, ""diabetes"": 3, ""stroke_history"": 0, ""kidney_disease"": 0, ""asthma"": 0, ""difficulty_walking"": 0, ""high_cholesterol"": 0, ""high_blood_pressure"": 0, ""alcohol_use"": 0}",200,0.00396,lower_model_association,research_balanced,REVIEW,Synthetic behavior observation; qualitative review pending.
SYN-017,sex=2,"{""age_group"": 1, ""sex"": 2, ""bmi"": 22, ""general_health"": 1, ""physical_activity"": 1, ""smoking_status"": 4, ""diabetes"": 3, ""stroke_history"": 0, ""kidney_disease"": 0, ""asthma"": 0, ""difficulty_walking"": 0, ""high_cholesterol"": 0, ""high_blood_pressure"": 0, ""alcohol_use"": 0}",200,0.002504,lower_model_association,research_balanced,REVIEW,Synthetic behavior observation; qualitative review pending.
SYN-018,general_health=1,"{""age_group"": 1, ""sex"": 2, ""bmi"": 22, ""general_health"": 1, ""physical_activity"": 1, ""smoking_status"": 4, ""diabetes"": 3, ""stroke_history"": 0, ""kidney_disease"": 0, ""asthma"": 0, ""difficulty_walking"": 0, ""high_cholesterol"": 0, ""high_blood_pressure"": 0, ""alcohol_use"": 0}",200,0.002504,lower_model_association,research_balanced,REVIEW,Synthetic behavior observation; qualitative review pending.
SYN-019,general_health=2,"{""age_group"": 1, ""sex"": 2, ""bmi"": 22, ""general_health"": 2, ""physical_activity"": 1, ""smoking_status"": 4, ""diabetes"": 3, ""stroke_history"": 0, ""kidney_disease"": 0, ""asthma"": 0, ""difficulty_walking"": 0, ""high_cholesterol"": 0, ""high_blood_pressure"": 0, ""alcohol_use"": 0}",200,0.002748,lower_model_association,research_balanced,REVIEW,Synthetic behavior observation; qualitative review pending.
SYN-020,general_health=3,"{""age_group"": 1, ""sex"": 2, ""bmi"": 22, ""general_health"": 3, ""physical_activity"": 1, ""smoking_status"": 4, ""diabetes"": 3, ""stroke_history"": 0, ""kidney_disease"": 0, ""asthma"": 0, ""difficulty_walking"": 0, ""high_cholesterol"": 0, ""high_blood_pressure"": 0, ""alcohol_use"": 0}",200,0.005014,lower_model_association,research_balanced,REVIEW,Synthetic behavior observation; qualitative review pending.
SYN-021,general_health=4,"{""age_group"": 1, ""sex"": 2, ""bmi"": 22, ""general_health"": 4, ""physical_activity"": 1, ""smoking_status"": 4, ""diabetes"": 3, ""stroke_history"": 0, ""kidney_disease"": 0, ""asthma"": 0, ""difficulty_walking"": 0, ""high_cholesterol"": 0, ""high_blood_pressure"": 0, ""alcohol_use"": 0}",200,0.012953,lower_model_association,research_balanced,REVIEW,Synthetic behavior observation; qualitative review pending.
SYN-022,general_health=5,"{""age_group"": 1, ""sex"": 2, ""bmi"": 22, ""general_health"": 5, ""physical_activity"": 1, ""smoking_status"": 4, ""diabetes"": 3, ""stroke_history"": 0, ""kidney_disease"": 0, ""asthma"": 0, ""difficulty_walking"": 0, ""high_cholesterol"": 0, ""high_blood_pressure"": 0, ""alcohol_use"": 0}",200,0.026465,lower_model_association,research_balanced,REVIEW,Synthetic behavior observation; qualitative review pending.
SYN-023,physical_activity=0,"{""age_group"": 1, ""sex"": 2, ""bmi"": 22, ""general_health"": 1, ""physical_activity"": 0, ""smoking_status"": 4, ""diabetes"": 3, ""stroke_history"": 0, ""kidney_disease"": 0, ""asthma"": 0, ""difficulty_walking"": 0, ""high_cholesterol"": 0, ""high_blood_pressure"": 0, ""alcohol_use"": 0}",200,0.002813,lower_model_association,research_balanced,REVIEW,Synthetic behavior observation; qualitative review pending.
SYN-024,physical_activity=1,"{""age_group"": 1, ""sex"": 2, ""bmi"": 22, ""general_health"": 1, ""physical_activity"": 1, ""smoking_status"": 4, ""diabetes"": 3, ""stroke_history"": 0, ""kidney_disease"": 0, ""asthma"": 0, ""difficulty_walking"": 0, ""high_cholesterol"": 0, ""high_blood_pressure"": 0, ""alcohol_use"": 0}",200,0.002504,lower_model_association,research_balanced,REVIEW,Synthetic behavior observation; qualitative review pending.
SYN-025,smoking_status=1,"{""age_group"": 1, ""sex"": 2, ""bmi"": 22, ""general_health"": 1, ""physical_activity"": 1, ""smoking_status"": 1, ""diabetes"": 3, ""stroke_history"": 0, ""kidney_disease"": 0, ""asthma"": 0, ""difficulty_walking"": 0, ""high_cholesterol"": 0, ""high_blood_pressure"": 0, ""alcohol_use"": 0}",200,0.005124,lower_model_association,research_balanced,REVIEW,Synthetic behavior observation; qualitative review pending.
SYN-026,smoking_status=2,"{""age_group"": 1, ""sex"": 2, ""bmi"": 22, ""general_health"": 1, ""physical_activity"": 1, ""smoking_status"": 2, ""diabetes"": 3, ""stroke_history"": 0, ""kidney_disease"": 0, ""asthma"": 0, ""difficulty_walking"": 0, ""high_cholesterol"": 0, ""high_blood_pressure"": 0, ""alcohol_use"": 0}",200,0.005058,lower_model_association,research_balanced,REVIEW,Synthetic behavior observation; qualitative review pending.
SYN-027,smoking_status=3,"{""age_group"": 1, ""sex"": 2, ""bmi"": 22, ""general_health"": 1, ""physical_activity"": 1, ""smoking_status"": 3, ""diabetes"": 3, ""stroke_history"": 0, ""kidney_disease"": 0, ""asthma"": 0, ""difficulty_walking"": 0, ""high_cholesterol"": 0, ""high_blood_pressure"": 0, ""alcohol_use"": 0}",200,0.004564,lower_model_association,research_balanced,REVIEW,Synthetic behavior observation; qualitative review pending.
SYN-028,smoking_status=4,"{""age_group"": 1, ""sex"": 2, ""bmi"": 22, ""general_health"": 1, ""physical_activity"": 1, ""smoking_status"": 4, ""diabetes"": 3, ""stroke_history"": 0, ""kidney_disease"": 0, ""asthma"": 0, ""difficulty_walking"": 0, ""high_cholesterol"": 0, ""high_blood_pressure"": 0, ""alcohol_use"": 0}",200,0.002504,lower_model_association,research_balanced,REVIEW,Synthetic behavior observation; qualitative review pending.
SYN-029,diabetes=1,"{""age_group"": 1, ""sex"": 2, ""bmi"": 22, ""general_health"": 1, ""physical_activity"": 1, ""smoking_status"": 4, ""diabetes"": 1, ""stroke_history"": 0, ""kidney_disease"": 0, ""asthma"": 0, ""difficulty_walking"": 0, ""high_cholesterol"": 0, ""high_blood_pressure"": 0, ""alcohol_use"": 0}",200,0.005023,lower_model_association,research_balanced,REVIEW,Synthetic behavior observation; qualitative review pending.
SYN-030,diabetes=2,"{""age_group"": 1, ""sex"": 2, ""bmi"": 22, ""general_health"": 1, ""physical_activity"": 1, ""smoking_status"": 4, ""diabetes"": 2, ""stroke_history"": 0, ""kidney_disease"": 0, ""asthma"": 0, ""difficulty_walking"": 0, ""high_cholesterol"": 0, ""high_blood_pressure"": 0, ""alcohol_use"": 0}",200,0.002765,lower_model_association,research_balanced,REVIEW,Synthetic behavior observation; qualitative review pending.
SYN-031,diabetes=3,"{""age_group"": 1, ""sex"": 2, ""bmi"": 22, ""general_health"": 1, ""physical_activity"": 1, ""smoking_status"": 4, ""diabetes"": 3, ""stroke_history"": 0, ""kidney_disease"": 0, ""asthma"": 0, ""difficulty_walking"": 0, ""high_cholesterol"": 0, ""high_blood_pressure"": 0, ""alcohol_use"": 0}",200,0.002504,lower_model_association,research_balanced,REVIEW,Synthetic behavior observation; qualitative review pending.
SYN-032,diabetes=4,"{""age_group"": 1, ""sex"": 2, ""bmi"": 22, ""general_health"": 1, ""physical_activity"": 1, ""smoking_status"": 4, ""diabetes"": 4, ""stroke_history"": 0, ""kidney_disease"": 0, ""asthma"": 0, ""difficulty_walking"": 0, ""high_cholesterol"": 0, ""high_blood_pressure"": 0, ""alcohol_use"": 0}",200,0.002985,lower_model_association,research_balanced,REVIEW,Synthetic behavior observation; qualitative review pending.
SYN-033,stroke_history=0,"{""age_group"": 1, ""sex"": 2, ""bmi"": 22, ""general_health"": 1, ""physical_activity"": 1, ""smoking_status"": 4, ""diabetes"": 3, ""stroke_history"": 0, ""kidney_disease"": 0, ""asthma"": 0, ""difficulty_walking"": 0, ""high_cholesterol"": 0, ""high_blood_pressure"": 0, ""alcohol_use"": 0}",200,0.002504,lower_model_association,research_balanced,REVIEW,Synthetic behavior observation; qualitative review pending.
SYN-034,stroke_history=1,"{""age_group"": 1, ""sex"": 2, ""bmi"": 22, ""general_health"": 1, ""physical_activity"": 1, ""smoking_status"": 4, ""diabetes"": 3, ""stroke_history"": 1, ""kidney_disease"": 0, ""asthma"": 0, ""difficulty_walking"": 0, ""high_cholesterol"": 0, ""high_blood_pressure"": 0, ""alcohol_use"": 0}",200,0.080599,lower_model_association,research_balanced,REVIEW,Synthetic behavior observation; qualitative review pending.
SYN-035,kidney_disease=0,"{""age_group"": 1, ""sex"": 2, ""bmi"": 22, ""general_health"": 1, ""physical_activity"": 1, ""smoking_status"": 4, ""diabetes"": 3, ""stroke_history"": 0, ""kidney_disease"": 0, ""asthma"": 0, ""difficulty_walking"": 0, ""high_cholesterol"": 0, ""high_blood_pressure"": 0, ""alcohol_use"": 0}",200,0.002504,lower_model_association,research_balanced,REVIEW,Synthetic behavior observation; qualitative review pending.
SYN-036,kidney_disease=1,"{""age_group"": 1, ""sex"": 2, ""bmi"": 22, ""general_health"": 1, ""physical_activity"": 1, ""smoking_status"": 4, ""diabetes"": 3, ""stroke_history"": 0, ""kidney_disease"": 1, ""asthma"": 0, ""difficulty_walking"": 0, ""high_cholesterol"": 0, ""high_blood_pressure"": 0, ""alcohol_use"": 0}",200,0.008243,lower_model_association,research_balanced,REVIEW,Synthetic behavior observation; qualitative review pending.
SYN-037,asthma=0,"{""age_group"": 1, ""sex"": 2, ""bmi"": 22, ""general_health"": 1, ""physical_activity"": 1, ""smoking_status"": 4, ""diabetes"": 3, ""stroke_history"": 0, ""kidney_disease"": 0, ""asthma"": 0, ""difficulty_walking"": 0, ""high_cholesterol"": 0, ""high_blood_pressure"": 0, ""alcohol_use"": 0}",200,0.002504,lower_model_association,research_balanced,REVIEW,Synthetic behavior observation; qualitative review pending.
SYN-038,asthma=1,"{""age_group"": 1, ""sex"": 2, ""bmi"": 22, ""general_health"": 1, ""physical_activity"": 1, ""smoking_status"": 4, ""diabetes"": 3, ""stroke_history"": 0, ""kidney_disease"": 0, ""asthma"": 1, ""difficulty_walking"": 0, ""high_cholesterol"": 0, ""high_blood_pressure"": 0, ""alcohol_use"": 0}",200,0.003705,lower_model_association,research_balanced,REVIEW,Synthetic behavior observation; qualitative review pending.
SYN-039,difficulty_walking=0,"{""age_group"": 1, ""sex"": 2, ""bmi"": 22, ""general_health"": 1, ""physical_activity"": 1, ""smoking_status"": 4, ""diabetes"": 3, ""stroke_history"": 0, ""kidney_disease"": 0, ""asthma"": 0, ""difficulty_walking"": 0, ""high_cholesterol"": 0, ""high_blood_pressure"": 0, ""alcohol_use"": 0}",200,0.002504,lower_model_association,research_balanced,REVIEW,Synthetic behavior observation; qualitative review pending.
SYN-040,difficulty_walking=1,"{""age_group"": 1, ""sex"": 2, ""bmi"": 22, ""general_health"": 1, ""physical_activity"": 1, ""smoking_status"": 4, ""diabetes"": 3, ""stroke_history"": 0, ""kidney_disease"": 0, ""asthma"": 0, ""difficulty_walking"": 1, ""high_cholesterol"": 0, ""high_blood_pressure"": 0, ""alcohol_use"": 0}",200,0.005853,lower_model_association,research_balanced,REVIEW,Synthetic behavior observation; qualitative review pending.
SYN-041,high_cholesterol=0,"{""age_group"": 1, ""sex"": 2, ""bmi"": 22, ""general_health"": 1, ""physical_activity"": 1, ""smoking_status"": 4, ""diabetes"": 3, ""stroke_history"": 0, ""kidney_disease"": 0, ""asthma"": 0, ""difficulty_walking"": 0, ""high_cholesterol"": 0, ""high_blood_pressure"": 0, ""alcohol_use"": 0}",200,0.002504,lower_model_association,research_balanced,REVIEW,Synthetic behavior observation; qualitative review pending.
SYN-042,high_cholesterol=1,"{""age_group"": 1, ""sex"": 2, ""bmi"": 22, ""general_health"": 1, ""physical_activity"": 1, ""smoking_status"": 4, ""diabetes"": 3, ""stroke_history"": 0, ""kidney_disease"": 0, ""asthma"": 0, ""difficulty_walking"": 0, ""high_cholesterol"": 1, ""high_blood_pressure"": 0, ""alcohol_use"": 0}",200,0.005011,lower_model_association,research_balanced,REVIEW,Synthetic behavior observation; qualitative review pending.
SYN-043,high_blood_pressure=0,"{""age_group"": 1, ""sex"": 2, ""bmi"": 22, ""general_health"": 1, ""physical_activity"": 1, ""smoking_status"": 4, ""diabetes"": 3, ""stroke_history"": 0, ""kidney_disease"": 0, ""asthma"": 0, ""difficulty_walking"": 0, ""high_cholesterol"": 0, ""high_blood_pressure"": 0, ""alcohol_use"": 0}",200,0.002504,lower_model_association,research_balanced,REVIEW,Synthetic behavior observation; qualitative review pending.
SYN-044,high_blood_pressure=1,"{""age_group"": 1, ""sex"": 2, ""bmi"": 22, ""general_health"": 1, ""physical_activity"": 1, ""smoking_status"": 4, ""diabetes"": 3, ""stroke_history"": 0, ""kidney_disease"": 0, ""asthma"": 0, ""difficulty_walking"": 0, ""high_cholesterol"": 0, ""high_blood_pressure"": 1, ""alcohol_use"": 0}",200,0.006593,lower_model_association,research_balanced,REVIEW,Synthetic behavior observation; qualitative review pending.
SYN-045,alcohol_use=0,"{""age_group"": 1, ""sex"": 2, ""bmi"": 22, ""general_health"": 1, ""physical_activity"": 1, ""smoking_status"": 4, ""diabetes"": 3, ""stroke_history"": 0, ""kidney_disease"": 0, ""asthma"": 0, ""difficulty_walking"": 0, ""high_cholesterol"": 0, ""high_blood_pressure"": 0, ""alcohol_use"": 0}",200,0.002504,lower_model_association,research_balanced,REVIEW,Synthetic behavior observation; qualitative review pending.
SYN-046,alcohol_use=1,"{""age_group"": 1, ""sex"": 2, ""bmi"": 22, ""general_health"": 1, ""physical_activity"": 1, ""smoking_status"": 4, ""diabetes"": 3, ""stroke_history"": 0, ""kidney_disease"": 0, ""asthma"": 0, ""difficulty_walking"": 0, ""high_cholesterol"": 0, ""high_blood_pressure"": 0, ""alcohol_use"": 1}",200,0.00211,lower_model_association,research_balanced,REVIEW,Synthetic behavior observation; qualitative review pending.
SYN-047,bmi=12,"{""age_group"": 1, ""sex"": 2, ""bmi"": 12, ""general_health"": 1, ""physical_activity"": 1, ""smoking_status"": 4, ""diabetes"": 3, ""stroke_history"": 0, ""kidney_disease"": 0, ""asthma"": 0, ""difficulty_walking"": 0, ""high_cholesterol"": 0, ""high_blood_pressure"": 0, ""alcohol_use"": 0}",200,0.002729,lower_model_association,research_balanced,REVIEW,Synthetic behavior observation; qualitative review pending.
SYN-048,bmi=22,"{""age_group"": 1, ""sex"": 2, ""bmi"": 22, ""general_health"": 1, ""physical_activity"": 1, ""smoking_status"": 4, ""diabetes"": 3, ""stroke_history"": 0, ""kidney_disease"": 0, ""asthma"": 0, ""difficulty_walking"": 0, ""high_cholesterol"": 0, ""high_blood_pressure"": 0, ""alcohol_use"": 0}",200,0.002504,lower_model_association,research_balanced,REVIEW,Synthetic behavior observation; qualitative review pending.
SYN-049,bmi=28.5,"{""age_group"": 1, ""sex"": 2, ""bmi"": 28.5, ""general_health"": 1, ""physical_activity"": 1, ""smoking_status"": 4, ""diabetes"": 3, ""stroke_history"": 0, ""kidney_disease"": 0, ""asthma"": 0, ""difficulty_walking"": 0, ""high_cholesterol"": 0, ""high_blood_pressure"": 0, ""alcohol_use"": 0}",200,0.002851,lower_model_association,research_balanced,REVIEW,Synthetic behavior observation; qualitative review pending.
SYN-050,bmi=34,"{""age_group"": 1, ""sex"": 2, ""bmi"": 34, ""general_health"": 1, ""physical_activity"": 1, ""smoking_status"": 4, ""diabetes"": 3, ""stroke_history"": 0, ""kidney_disease"": 0, ""asthma"": 0, ""difficulty_walking"": 0, ""high_cholesterol"": 0, ""high_blood_pressure"": 0, ""alcohol_use"": 0}",200,0.002962,lower_model_association,research_balanced,REVIEW,Synthetic behavior observation; qualitative review pending.
SYN-051,bmi=99.99,"{""age_group"": 1, ""sex"": 2, ""bmi"": 99.99, ""general_health"": 1, ""physical_activity"": 1, ""smoking_status"": 4, ""diabetes"": 3, ""stroke_history"": 0, ""kidney_disease"": 0, ""asthma"": 0, ""difficulty_walking"": 0, ""high_cholesterol"": 0, ""high_blood_pressure"": 0, ""alcohol_use"": 0}",200,0.002326,lower_model_association,research_balanced,REVIEW,Synthetic behavior observation; qualitative review pending.
SYN-052,BMI missing,"{""age_group"": 1, ""sex"": 2, ""bmi"": null, ""general_health"": 1, ""physical_activity"": 1, ""smoking_status"": 4, ""diabetes"": 3, ""stroke_history"": 0, ""kidney_disease"": 0, ""asthma"": 0, ""difficulty_walking"": 0, ""high_cholesterol"": 0, ""high_blood_pressure"": 0, ""alcohol_use"": 0}",200,0.002513,lower_model_association,research_balanced,REVIEW,Synthetic behavior observation; qualitative review pending.
SYN-053,Smoking missing,"{""age_group"": 1, ""sex"": 2, ""bmi"": 22, ""general_health"": 1, ""physical_activity"": 1, ""smoking_status"": null, ""diabetes"": 3, ""stroke_history"": 0, ""kidney_disease"": 0, ""asthma"": 0, ""difficulty_walking"": 0, ""high_cholesterol"": 0, ""high_blood_pressure"": 0, ""alcohol_use"": 0}",200,0.003527,lower_model_association,research_balanced,REVIEW,Synthetic behavior observation; qualitative review pending.
SYN-054,High cholesterol missing,"{""age_group"": 1, ""sex"": 2, ""bmi"": 22, ""general_health"": 1, ""physical_activity"": 1, ""smoking_status"": 4, ""diabetes"": 3, ""stroke_history"": 0, ""kidney_disease"": 0, ""asthma"": 0, ""difficulty_walking"": 0, ""high_cholesterol"": null, ""high_blood_pressure"": 0, ""alcohol_use"": 0}",200,0.00243,lower_model_association,research_balanced,REVIEW,Synthetic behavior observation; qualitative review pending.
SYN-055,Multiple values missing,"{""age_group"": null, ""sex"": null, ""bmi"": null, ""general_health"": null, ""physical_activity"": null, ""smoking_status"": null, ""diabetes"": null, ""stroke_history"": null, ""kidney_disease"": null, ""asthma"": null, ""difficulty_walking"": null, ""high_cholesterol"": null, ""high_blood_pressure"": null, ""alcohol_use"": null}",200,0.221609,elevated_model_association,research_balanced,REVIEW,Synthetic behavior observation; qualitative review pending.
